--
-- PostgreSQL database cluster dump
--

-- Started on 2023-12-20 11:28:47

SET default_transaction_read_only = off;

SET client_encoding = 'UTF8';
SET standard_conforming_strings = on;

--
-- Roles
--

CREATE ROLE "Michail";
ALTER ROLE "Michail" WITH SUPERUSER INHERIT CREATEROLE CREATEDB LOGIN REPLICATION NOBYPASSRLS PASSWORD 'SCRAM-SHA-256$4096:/L7KAkH7UZ/zToRvBZN4nQ==$Ax+/M0NioUWXZa38mhGsCQ3mliNQe4BMm3pZffhcRaw=:OlwQPPdjC1dYAbwToVngId/OIIjNYPcug7Q6KgAIYjQ=';
CREATE ROLE "Timur";
ALTER ROLE "Timur" WITH SUPERUSER INHERIT CREATEROLE CREATEDB LOGIN REPLICATION NOBYPASSRLS PASSWORD 'SCRAM-SHA-256$4096:/nwHM7tjIgLwFBezF3U83Q==$6C6hqDadXsTqoinjs/HrxH9jL7SHPd6aRg8tx82rgqM=:n3GyLUy0sxswwAbjzLooFnSxkTNLFa3oRkZ8F9tQEzc=';
CREATE ROLE postgres;
ALTER ROLE postgres WITH SUPERUSER INHERIT CREATEROLE CREATEDB LOGIN REPLICATION BYPASSRLS PASSWORD 'SCRAM-SHA-256$4096:o9RWQr9bL/HhTbvcrwRBAA==$FlS5P1Py7r6YLVMielWPspNSCp/Fzgbwr6H/TL2a5/o=:VrD8CCgf8cMAG3sSMC+qv2KwmrgHSszwLZHjJHg4N3g=';

--
-- User Configurations
--








--
-- Databases
--

--
-- Database "template1" dump
--

\connect template1

--
-- PostgreSQL database dump
--

-- Dumped from database version 16.0
-- Dumped by pg_dump version 16.0

-- Started on 2023-12-20 11:28:47

SET statement_timeout = 0;
SET lock_timeout = 0;
SET idle_in_transaction_session_timeout = 0;
SET client_encoding = 'UTF8';
SET standard_conforming_strings = on;
SELECT pg_catalog.set_config('search_path', '', false);
SET check_function_bodies = false;
SET xmloption = content;
SET client_min_messages = warning;
SET row_security = off;

-- Completed on 2023-12-20 11:28:48

--
-- PostgreSQL database dump complete
--

--
-- Database "MichailDataBase" dump
--

--
-- PostgreSQL database dump
--

-- Dumped from database version 16.0
-- Dumped by pg_dump version 16.0

-- Started on 2023-12-20 11:28:48

SET statement_timeout = 0;
SET lock_timeout = 0;
SET idle_in_transaction_session_timeout = 0;
SET client_encoding = 'UTF8';
SET standard_conforming_strings = on;
SELECT pg_catalog.set_config('search_path', '', false);
SET check_function_bodies = false;
SET xmloption = content;
SET client_min_messages = warning;
SET row_security = off;

--
-- TOC entry 4990 (class 1262 OID 16398)
-- Name: MichailDataBase; Type: DATABASE; Schema: -; Owner: postgres
--

CREATE DATABASE "MichailDataBase" WITH TEMPLATE = template0 ENCODING = 'UTF8' LOCALE_PROVIDER = libc LOCALE = 'Russian_Russia.1251';


ALTER DATABASE "MichailDataBase" OWNER TO postgres;

\connect "MichailDataBase"

SET statement_timeout = 0;
SET lock_timeout = 0;
SET idle_in_transaction_session_timeout = 0;
SET client_encoding = 'UTF8';
SET standard_conforming_strings = on;
SELECT pg_catalog.set_config('search_path', '', false);
SET check_function_bodies = false;
SET xmloption = content;
SET client_min_messages = warning;
SET row_security = off;

--
-- TOC entry 6 (class 2615 OID 16548)
-- Name: work_schema; Type: SCHEMA; Schema: -; Owner: postgres
--

CREATE SCHEMA work_schema;


ALTER SCHEMA work_schema OWNER TO postgres;

SET default_tablespace = '';

SET default_table_access_method = heap;

--
-- TOC entry 223 (class 1259 OID 16425)
-- Name: auth_group; Type: TABLE; Schema: public; Owner: Michail
--

CREATE TABLE public.auth_group (
    id integer NOT NULL,
    name character varying(150) NOT NULL
);


ALTER TABLE public.auth_group OWNER TO "Michail";

--
-- TOC entry 222 (class 1259 OID 16424)
-- Name: auth_group_id_seq; Type: SEQUENCE; Schema: public; Owner: Michail
--

ALTER TABLE public.auth_group ALTER COLUMN id ADD GENERATED BY DEFAULT AS IDENTITY (
    SEQUENCE NAME public.auth_group_id_seq
    START WITH 1
    INCREMENT BY 1
    NO MINVALUE
    NO MAXVALUE
    CACHE 1
);


--
-- TOC entry 225 (class 1259 OID 16433)
-- Name: auth_group_permissions; Type: TABLE; Schema: public; Owner: Michail
--

CREATE TABLE public.auth_group_permissions (
    id bigint NOT NULL,
    group_id integer NOT NULL,
    permission_id integer NOT NULL
);


ALTER TABLE public.auth_group_permissions OWNER TO "Michail";

--
-- TOC entry 224 (class 1259 OID 16432)
-- Name: auth_group_permissions_id_seq; Type: SEQUENCE; Schema: public; Owner: Michail
--

ALTER TABLE public.auth_group_permissions ALTER COLUMN id ADD GENERATED BY DEFAULT AS IDENTITY (
    SEQUENCE NAME public.auth_group_permissions_id_seq
    START WITH 1
    INCREMENT BY 1
    NO MINVALUE
    NO MAXVALUE
    CACHE 1
);


--
-- TOC entry 221 (class 1259 OID 16419)
-- Name: auth_permission; Type: TABLE; Schema: public; Owner: Michail
--

CREATE TABLE public.auth_permission (
    id integer NOT NULL,
    name character varying(255) NOT NULL,
    content_type_id integer NOT NULL,
    codename character varying(100) NOT NULL
);


ALTER TABLE public.auth_permission OWNER TO "Michail";

--
-- TOC entry 220 (class 1259 OID 16418)
-- Name: auth_permission_id_seq; Type: SEQUENCE; Schema: public; Owner: Michail
--

ALTER TABLE public.auth_permission ALTER COLUMN id ADD GENERATED BY DEFAULT AS IDENTITY (
    SEQUENCE NAME public.auth_permission_id_seq
    START WITH 1
    INCREMENT BY 1
    NO MINVALUE
    NO MAXVALUE
    CACHE 1
);


--
-- TOC entry 227 (class 1259 OID 16439)
-- Name: auth_user; Type: TABLE; Schema: public; Owner: Michail
--

CREATE TABLE public.auth_user (
    id integer NOT NULL,
    password character varying(128) NOT NULL,
    last_login timestamp with time zone,
    is_superuser boolean NOT NULL,
    username character varying(150) NOT NULL,
    first_name character varying(150) NOT NULL,
    last_name character varying(150) NOT NULL,
    email character varying(254) NOT NULL,
    is_staff boolean NOT NULL,
    is_active boolean NOT NULL,
    date_joined timestamp with time zone NOT NULL
);


ALTER TABLE public.auth_user OWNER TO "Michail";

--
-- TOC entry 229 (class 1259 OID 16447)
-- Name: auth_user_groups; Type: TABLE; Schema: public; Owner: Michail
--

CREATE TABLE public.auth_user_groups (
    id bigint NOT NULL,
    user_id integer NOT NULL,
    group_id integer NOT NULL
);


ALTER TABLE public.auth_user_groups OWNER TO "Michail";

--
-- TOC entry 228 (class 1259 OID 16446)
-- Name: auth_user_groups_id_seq; Type: SEQUENCE; Schema: public; Owner: Michail
--

ALTER TABLE public.auth_user_groups ALTER COLUMN id ADD GENERATED BY DEFAULT AS IDENTITY (
    SEQUENCE NAME public.auth_user_groups_id_seq
    START WITH 1
    INCREMENT BY 1
    NO MINVALUE
    NO MAXVALUE
    CACHE 1
);


--
-- TOC entry 226 (class 1259 OID 16438)
-- Name: auth_user_id_seq; Type: SEQUENCE; Schema: public; Owner: Michail
--

ALTER TABLE public.auth_user ALTER COLUMN id ADD GENERATED BY DEFAULT AS IDENTITY (
    SEQUENCE NAME public.auth_user_id_seq
    START WITH 1
    INCREMENT BY 1
    NO MINVALUE
    NO MAXVALUE
    CACHE 1
);


--
-- TOC entry 231 (class 1259 OID 16453)
-- Name: auth_user_user_permissions; Type: TABLE; Schema: public; Owner: Michail
--

CREATE TABLE public.auth_user_user_permissions (
    id bigint NOT NULL,
    user_id integer NOT NULL,
    permission_id integer NOT NULL
);


ALTER TABLE public.auth_user_user_permissions OWNER TO "Michail";

--
-- TOC entry 230 (class 1259 OID 16452)
-- Name: auth_user_user_permissions_id_seq; Type: SEQUENCE; Schema: public; Owner: Michail
--

ALTER TABLE public.auth_user_user_permissions ALTER COLUMN id ADD GENERATED BY DEFAULT AS IDENTITY (
    SEQUENCE NAME public.auth_user_user_permissions_id_seq
    START WITH 1
    INCREMENT BY 1
    NO MINVALUE
    NO MAXVALUE
    CACHE 1
);


--
-- TOC entry 233 (class 1259 OID 16511)
-- Name: django_admin_log; Type: TABLE; Schema: public; Owner: Michail
--

CREATE TABLE public.django_admin_log (
    id integer NOT NULL,
    action_time timestamp with time zone NOT NULL,
    object_id text,
    object_repr character varying(200) NOT NULL,
    action_flag smallint NOT NULL,
    change_message text NOT NULL,
    content_type_id integer,
    user_id integer NOT NULL,
    CONSTRAINT django_admin_log_action_flag_check CHECK ((action_flag >= 0))
);


ALTER TABLE public.django_admin_log OWNER TO "Michail";

--
-- TOC entry 232 (class 1259 OID 16510)
-- Name: django_admin_log_id_seq; Type: SEQUENCE; Schema: public; Owner: Michail
--

ALTER TABLE public.django_admin_log ALTER COLUMN id ADD GENERATED BY DEFAULT AS IDENTITY (
    SEQUENCE NAME public.django_admin_log_id_seq
    START WITH 1
    INCREMENT BY 1
    NO MINVALUE
    NO MAXVALUE
    CACHE 1
);


--
-- TOC entry 219 (class 1259 OID 16411)
-- Name: django_content_type; Type: TABLE; Schema: public; Owner: Michail
--

CREATE TABLE public.django_content_type (
    id integer NOT NULL,
    app_label character varying(100) NOT NULL,
    model character varying(100) NOT NULL
);


ALTER TABLE public.django_content_type OWNER TO "Michail";

--
-- TOC entry 218 (class 1259 OID 16410)
-- Name: django_content_type_id_seq; Type: SEQUENCE; Schema: public; Owner: Michail
--

ALTER TABLE public.django_content_type ALTER COLUMN id ADD GENERATED BY DEFAULT AS IDENTITY (
    SEQUENCE NAME public.django_content_type_id_seq
    START WITH 1
    INCREMENT BY 1
    NO MINVALUE
    NO MAXVALUE
    CACHE 1
);


--
-- TOC entry 217 (class 1259 OID 16403)
-- Name: django_migrations; Type: TABLE; Schema: public; Owner: Michail
--

CREATE TABLE public.django_migrations (
    id bigint NOT NULL,
    app character varying(255) NOT NULL,
    name character varying(255) NOT NULL,
    applied timestamp with time zone NOT NULL
);


ALTER TABLE public.django_migrations OWNER TO "Michail";

--
-- TOC entry 216 (class 1259 OID 16402)
-- Name: django_migrations_id_seq; Type: SEQUENCE; Schema: public; Owner: Michail
--

ALTER TABLE public.django_migrations ALTER COLUMN id ADD GENERATED BY DEFAULT AS IDENTITY (
    SEQUENCE NAME public.django_migrations_id_seq
    START WITH 1
    INCREMENT BY 1
    NO MINVALUE
    NO MAXVALUE
    CACHE 1
);


--
-- TOC entry 234 (class 1259 OID 16539)
-- Name: django_session; Type: TABLE; Schema: public; Owner: Michail
--

CREATE TABLE public.django_session (
    session_key character varying(40) NOT NULL,
    session_data text NOT NULL,
    expire_date timestamp with time zone NOT NULL
);


ALTER TABLE public.django_session OWNER TO "Michail";

--
-- TOC entry 237 (class 1259 OID 16755)
-- Name: subtasks; Type: TABLE; Schema: work_schema; Owner: postgres
--

CREATE TABLE work_schema.subtasks (
    subtask_id integer NOT NULL,
    task_id integer,
    sign_readiness numeric(3,0) DEFAULT 0 NOT NULL,
    subtask_name character varying(30),
    subtask_description character varying(100),
    subtask_completing_date timestamp without time zone
);


ALTER TABLE work_schema.subtasks OWNER TO postgres;

--
-- TOC entry 238 (class 1259 OID 32789)
-- Name: subtasks_subtask_id_seq; Type: SEQUENCE; Schema: work_schema; Owner: postgres
--

ALTER TABLE work_schema.subtasks ALTER COLUMN subtask_id ADD GENERATED ALWAYS AS IDENTITY (
    SEQUENCE NAME work_schema.subtasks_subtask_id_seq
    START WITH 1
    INCREMENT BY 1
    NO MINVALUE
    NO MAXVALUE
    CACHE 1
);


--
-- TOC entry 235 (class 1259 OID 16735)
-- Name: tasks; Type: TABLE; Schema: work_schema; Owner: postgres
--

CREATE TABLE work_schema.tasks (
    task_id integer NOT NULL,
    task_name character varying(30),
    task_description character varying(200),
    task_start_date timestamp without time zone DEFAULT now(),
    task_end_date timestamp without time zone DEFAULT (now() + '7 days'::interval),
    task_completing_date timestamp without time zone
);


ALTER TABLE work_schema.tasks OWNER TO postgres;

--
-- TOC entry 240 (class 1259 OID 32839)
-- Name: tasks_task_id_seq; Type: SEQUENCE; Schema: work_schema; Owner: postgres
--

ALTER TABLE work_schema.tasks ALTER COLUMN task_id ADD GENERATED ALWAYS AS IDENTITY (
    SEQUENCE NAME work_schema.tasks_task_id_seq
    START WITH 3
    INCREMENT BY 1
    NO MINVALUE
    NO MAXVALUE
    CACHE 1
);


--
-- TOC entry 236 (class 1259 OID 16740)
-- Name: users_tasks; Type: TABLE; Schema: work_schema; Owner: postgres
--

CREATE TABLE work_schema.users_tasks (
    users_tasks_id integer NOT NULL,
    user_id integer,
    task_id integer
);


ALTER TABLE work_schema.users_tasks OWNER TO postgres;

--
-- TOC entry 239 (class 1259 OID 32834)
-- Name: users_tasks_users_tasks_id_seq; Type: SEQUENCE; Schema: work_schema; Owner: postgres
--

ALTER TABLE work_schema.users_tasks ALTER COLUMN users_tasks_id ADD GENERATED ALWAYS AS IDENTITY (
    SEQUENCE NAME work_schema.users_tasks_users_tasks_id_seq
    START WITH 2
    INCREMENT BY 1
    NO MINVALUE
    NO MAXVALUE
    CACHE 1
);


--
-- TOC entry 4967 (class 0 OID 16425)
-- Dependencies: 223
-- Data for Name: auth_group; Type: TABLE DATA; Schema: public; Owner: Michail
--



--
-- TOC entry 4969 (class 0 OID 16433)
-- Dependencies: 225
-- Data for Name: auth_group_permissions; Type: TABLE DATA; Schema: public; Owner: Michail
--



--
-- TOC entry 4965 (class 0 OID 16419)
-- Dependencies: 221
-- Data for Name: auth_permission; Type: TABLE DATA; Schema: public; Owner: Michail
--

INSERT INTO public.auth_permission VALUES (1, 'Can add log entry', 1, 'add_logentry');
INSERT INTO public.auth_permission VALUES (2, 'Can change log entry', 1, 'change_logentry');
INSERT INTO public.auth_permission VALUES (3, 'Can delete log entry', 1, 'delete_logentry');
INSERT INTO public.auth_permission VALUES (4, 'Can view log entry', 1, 'view_logentry');
INSERT INTO public.auth_permission VALUES (5, 'Can add permission', 2, 'add_permission');
INSERT INTO public.auth_permission VALUES (6, 'Can change permission', 2, 'change_permission');
INSERT INTO public.auth_permission VALUES (7, 'Can delete permission', 2, 'delete_permission');
INSERT INTO public.auth_permission VALUES (8, 'Can view permission', 2, 'view_permission');
INSERT INTO public.auth_permission VALUES (9, 'Can add group', 3, 'add_group');
INSERT INTO public.auth_permission VALUES (10, 'Can change group', 3, 'change_group');
INSERT INTO public.auth_permission VALUES (11, 'Can delete group', 3, 'delete_group');
INSERT INTO public.auth_permission VALUES (12, 'Can view group', 3, 'view_group');
INSERT INTO public.auth_permission VALUES (13, 'Can add user', 4, 'add_user');
INSERT INTO public.auth_permission VALUES (14, 'Can change user', 4, 'change_user');
INSERT INTO public.auth_permission VALUES (15, 'Can delete user', 4, 'delete_user');
INSERT INTO public.auth_permission VALUES (16, 'Can view user', 4, 'view_user');
INSERT INTO public.auth_permission VALUES (17, 'Can add content type', 5, 'add_contenttype');
INSERT INTO public.auth_permission VALUES (18, 'Can change content type', 5, 'change_contenttype');
INSERT INTO public.auth_permission VALUES (19, 'Can delete content type', 5, 'delete_contenttype');
INSERT INTO public.auth_permission VALUES (20, 'Can view content type', 5, 'view_contenttype');
INSERT INTO public.auth_permission VALUES (21, 'Can add session', 6, 'add_session');
INSERT INTO public.auth_permission VALUES (22, 'Can change session', 6, 'change_session');
INSERT INTO public.auth_permission VALUES (23, 'Can delete session', 6, 'delete_session');
INSERT INTO public.auth_permission VALUES (24, 'Can view session', 6, 'view_session');


--
-- TOC entry 4971 (class 0 OID 16439)
-- Dependencies: 227
-- Data for Name: auth_user; Type: TABLE DATA; Schema: public; Owner: Michail
--

INSERT INTO public.auth_user VALUES (5, 'pbkdf2_sha256$600000$5UHxalAZLJsqc6R7QMnnqH$+/igW0fIaJmY14+z1wYXfWC7TI97CBJz+1WwLnVbjS0=', '2023-11-30 19:40:03.103933+05', false, 'MichailTestNick', 'Test1', '', 'bronot@mail.ru', false, true, '2023-11-30 19:39:08.862028+05');
INSERT INTO public.auth_user VALUES (4, 'pbkdf2_sha256$600000$6db7l9McaFqAogn50RdCBQ$Dc2tB/UEN4xbQmUfRqnznzGUxUAdpozLNTsOkaEHla4=', NULL, false, 'Timur', 'Тимур', 'Гилязов', 'asd@mail.ru', false, true, '2023-10-22 17:45:33.445509+05');
INSERT INTO public.auth_user VALUES (6, 'pbkdf2_sha256$600000$eXC6srL4iO8sV2WbDCqV69$QHvHlIWUil0klSjLYg82fqSsGx7gGMPlMUBhALfDeho=', NULL, false, 'ahahah', 'aboba', '', 'you@gdfgjdf.com', false, true, '2023-12-12 19:01:25.219692+05');
INSERT INTO public.auth_user VALUES (7, 'pbkdf2_sha256$600000$vHVwVDuoezstobMttf432H$i9ISXfI+A0lXkAE5LVn8sg1EJyCXofG5gXpA4VfaBys=', NULL, false, 'ahaha', '', '', '', false, true, '2023-12-12 19:01:45.432608+05');
INSERT INTO public.auth_user VALUES (8, 'pbkdf2_sha256$600000$VMthpVuTYqxMlZ6iM3lZLy$3296vuOL2hSYEPG9SDh1k1SCqUH2kCKZSOeraZN30d8=', NULL, false, 'tree', 'one', '', 'tree@tree.com', false, true, '2023-12-12 19:02:56.022976+05');
INSERT INTO public.auth_user VALUES (9, 'pbkdf2_sha256$600000$JJTL1nnjaaoj2BZ15q3t0L$h/sx7Bi7RSAFFNtTd+6wiPrKzKQ/afb0d1rreE8QLNk=', NULL, false, 'tree@tree.com', '', '', '', false, true, '2023-12-12 19:02:59.985686+05');
INSERT INTO public.auth_user VALUES (3, 'pbkdf2_sha256$600000$2yDsQMaHOsc9j28U4bGTu4$cUPK4FwcmkHP5uLFhTgHmxVmOvkuhRYNZIFazIBj7w8=', '2023-12-17 21:10:46.509348+05', false, 'Michail', 'Михаил', 'Щелканов', 'brotishkafire@mail.ru', false, true, '2023-10-22 17:39:45.628994+05');


--
-- TOC entry 4973 (class 0 OID 16447)
-- Dependencies: 229
-- Data for Name: auth_user_groups; Type: TABLE DATA; Schema: public; Owner: Michail
--



--
-- TOC entry 4975 (class 0 OID 16453)
-- Dependencies: 231
-- Data for Name: auth_user_user_permissions; Type: TABLE DATA; Schema: public; Owner: Michail
--



--
-- TOC entry 4977 (class 0 OID 16511)
-- Dependencies: 233
-- Data for Name: django_admin_log; Type: TABLE DATA; Schema: public; Owner: Michail
--



--
-- TOC entry 4963 (class 0 OID 16411)
-- Dependencies: 219
-- Data for Name: django_content_type; Type: TABLE DATA; Schema: public; Owner: Michail
--

INSERT INTO public.django_content_type VALUES (1, 'admin', 'logentry');
INSERT INTO public.django_content_type VALUES (2, 'auth', 'permission');
INSERT INTO public.django_content_type VALUES (3, 'auth', 'group');
INSERT INTO public.django_content_type VALUES (4, 'auth', 'user');
INSERT INTO public.django_content_type VALUES (5, 'contenttypes', 'contenttype');
INSERT INTO public.django_content_type VALUES (6, 'sessions', 'session');


--
-- TOC entry 4961 (class 0 OID 16403)
-- Dependencies: 217
-- Data for Name: django_migrations; Type: TABLE DATA; Schema: public; Owner: Michail
--

INSERT INTO public.django_migrations VALUES (1, 'contenttypes', '0001_initial', '2023-10-11 23:35:39.061682+05');
INSERT INTO public.django_migrations VALUES (2, 'auth', '0001_initial', '2023-10-11 23:35:39.155159+05');
INSERT INTO public.django_migrations VALUES (3, 'admin', '0001_initial', '2023-10-11 23:35:39.177762+05');
INSERT INTO public.django_migrations VALUES (4, 'admin', '0002_logentry_remove_auto_add', '2023-10-11 23:35:39.185288+05');
INSERT INTO public.django_migrations VALUES (5, 'admin', '0003_logentry_add_action_flag_choices', '2023-10-11 23:35:39.193799+05');
INSERT INTO public.django_migrations VALUES (6, 'contenttypes', '0002_remove_content_type_name', '2023-10-11 23:35:39.207332+05');
INSERT INTO public.django_migrations VALUES (7, 'auth', '0002_alter_permission_name_max_length', '2023-10-11 23:35:39.214272+05');
INSERT INTO public.django_migrations VALUES (8, 'auth', '0003_alter_user_email_max_length', '2023-10-11 23:35:39.220806+05');
INSERT INTO public.django_migrations VALUES (9, 'auth', '0004_alter_user_username_opts', '2023-10-11 23:35:39.226912+05');
INSERT INTO public.django_migrations VALUES (10, 'auth', '0005_alter_user_last_login_null', '2023-10-11 23:35:39.233688+05');
INSERT INTO public.django_migrations VALUES (11, 'auth', '0006_require_contenttypes_0002', '2023-10-11 23:35:39.235688+05');
INSERT INTO public.django_migrations VALUES (12, 'auth', '0007_alter_validators_add_error_messages', '2023-10-11 23:35:39.24273+05');
INSERT INTO public.django_migrations VALUES (13, 'auth', '0008_alter_user_username_max_length', '2023-10-11 23:35:39.257256+05');
INSERT INTO public.django_migrations VALUES (14, 'auth', '0009_alter_user_last_name_max_length', '2023-10-11 23:35:39.264206+05');
INSERT INTO public.django_migrations VALUES (15, 'auth', '0010_alter_group_name_max_length', '2023-10-11 23:35:39.272715+05');
INSERT INTO public.django_migrations VALUES (16, 'auth', '0011_update_proxy_permissions', '2023-10-11 23:35:39.27977+05');
INSERT INTO public.django_migrations VALUES (17, 'auth', '0012_alter_user_first_name_max_length', '2023-10-11 23:35:39.287177+05');
INSERT INTO public.django_migrations VALUES (18, 'sessions', '0001_initial', '2023-10-11 23:35:39.303181+05');


--
-- TOC entry 4978 (class 0 OID 16539)
-- Dependencies: 234
-- Data for Name: django_session; Type: TABLE DATA; Schema: public; Owner: Michail
--

INSERT INTO public.django_session VALUES ('pf9whot3ls1ri8i4n1auu7is45as6tw7', '.eJxVjEEOwiAQRe_C2pAihQGX7j0DGRhGqgaS0q6Md7dNutDtf-_9twi4LiWsPc9hInERSpx-t4jpmesO6IH13mRqdZmnKHdFHrTLW6P8uh7u30HBXrbaGp3ZwGDAJetNPqfMnlExREBWCjc2Rhys1yp60pYA7eiJNGjH3onPF-J8N8Q:1qryFO:D4QGuLTkxRMk1lVrMzVYcZ4qukYccErMyLxW_0qJLNM', '2023-10-29 15:21:22.168955+05');
INSERT INTO public.django_session VALUES ('hlzpwu5gw289cz7o3r5b4ils38lhohyc', '.eJxVjMsOwiAQRf-FtSEgb5fu-w1kBgapGkhKuzL-uzbpQrf3nHNfLMK21rgNWuKc2YUpdvrdENKD2g7yHdqt89TbuszId4UfdPCpZ3peD_fvoMKo39qi8zJoc5ZFBAIS6NEKb8kTOCOVzgCIxaeiDZDMIRApV0AUckUmwd4f7C84yw:1rD3Pm:yuQIw8_tIvAJsNlnoIrY8Nj8xotys09tGKhkfSdYjIs', '2023-12-26 19:07:14.682907+05');
INSERT INTO public.django_session VALUES ('ftsey3fpbfqk4ygz51znjs88sdo4p6vf', '.eJxVjMsOwiAQRf-FtSEgb5fu-w1kBgapGkhKuzL-uzbpQrf3nHNfLMK21rgNWuKc2YUpdvrdENKD2g7yHdqt89TbuszId4UfdPCpZ3peD_fvoMKo39qi8zJoc5ZFBAIS6NEKb8kTOCOVzgCIxaeiDZDMIRApV0AUckUmwd4f7C84yw:1rEtj4:8C_wJ4AxuY4y3ENJv-NbzQY4KLwPVfRSb5EL04VGR9w', '2023-12-31 21:10:46.510783+05');


--
-- TOC entry 4981 (class 0 OID 16755)
-- Dependencies: 237
-- Data for Name: subtasks; Type: TABLE DATA; Schema: work_schema; Owner: postgres
--

INSERT INTO work_schema.subtasks OVERRIDING SYSTEM VALUE VALUES (4, 2, 0, '5235', '2345', NULL);
INSERT INTO work_schema.subtasks OVERRIDING SYSTEM VALUE VALUES (1, 1, 0, 'Подзадача 3', 'Описание подзадачи 3', NULL);
INSERT INTO work_schema.subtasks OVERRIDING SYSTEM VALUE VALUES (2, 1, 0, 'Подзадача 2', 'Описание подзадачи 2', NULL);
INSERT INTO work_schema.subtasks OVERRIDING SYSTEM VALUE VALUES (3, 1, 0, 'Подзадача 1', 'Описание подзадачи 1', '2023-12-11 19:58:24.684976');
INSERT INTO work_schema.subtasks OVERRIDING SYSTEM VALUE VALUES (5, 2, 0, '312', '3241', '2023-12-11 19:58:24.684976');


--
-- TOC entry 4979 (class 0 OID 16735)
-- Dependencies: 235
-- Data for Name: tasks; Type: TABLE DATA; Schema: work_schema; Owner: postgres
--

INSERT INTO work_schema.tasks OVERRIDING SYSTEM VALUE VALUES (2, 'Проеверочное задание', 'Небольшая, обычно круглая или продолговатая буханка хлеба, подаваемая в качестве гарнира к блюду. Булочки можно подавать и есть целиком или их также обычно нарезают и начиняют начинкой', '2023-11-30 21:39:40.691883', '2023-12-07 21:39:40.691883', NULL);
INSERT INTO work_schema.tasks OVERRIDING SYSTEM VALUE VALUES (1, 'Проверка', 'Карточки создаются с минимальным количеством разметки и стилей, но все же обеспечивают тонну контроля и настройки. ', '2023-11-30 21:33:29.340927', '2023-12-01 21:38:23.865482', NULL);
INSERT INTO work_schema.tasks OVERRIDING SYSTEM VALUE VALUES (3, NULL, 'Lorem ipsum dolor sit amet, consectetuer adipiscing elit, sed diam nonummy nibh euismod tincidunt ut laoreet dolore magna aliquam erat volutpat. Ut wisi enim ad minim veniam, quis nostrud exerci tati', '2023-11-30 21:40:35.907187', '2023-12-07 21:40:35.907187', NULL);
INSERT INTO work_schema.tasks OVERRIDING SYSTEM VALUE VALUES (25, '', '', NULL, NULL, NULL);
INSERT INTO work_schema.tasks OVERRIDING SYSTEM VALUE VALUES (26, '', '', NULL, NULL, NULL);
INSERT INTO work_schema.tasks OVERRIDING SYSTEM VALUE VALUES (27, 'Тестовое создание задачи', '4312412', NULL, NULL, NULL);
INSERT INTO work_schema.tasks OVERRIDING SYSTEM VALUE VALUES (28, '', '', NULL, NULL, NULL);
INSERT INTO work_schema.tasks OVERRIDING SYSTEM VALUE VALUES (29, '', '', NULL, NULL, NULL);


--
-- TOC entry 4980 (class 0 OID 16740)
-- Dependencies: 236
-- Data for Name: users_tasks; Type: TABLE DATA; Schema: work_schema; Owner: postgres
--

INSERT INTO work_schema.users_tasks OVERRIDING SYSTEM VALUE VALUES (1, 3, 1);
INSERT INTO work_schema.users_tasks OVERRIDING SYSTEM VALUE VALUES (8, 3, 2);
INSERT INTO work_schema.users_tasks OVERRIDING SYSTEM VALUE VALUES (10, 4, 2);


--
-- TOC entry 4991 (class 0 OID 0)
-- Dependencies: 222
-- Name: auth_group_id_seq; Type: SEQUENCE SET; Schema: public; Owner: Michail
--

SELECT pg_catalog.setval('public.auth_group_id_seq', 1, false);


--
-- TOC entry 4992 (class 0 OID 0)
-- Dependencies: 224
-- Name: auth_group_permissions_id_seq; Type: SEQUENCE SET; Schema: public; Owner: Michail
--

SELECT pg_catalog.setval('public.auth_group_permissions_id_seq', 1, false);


--
-- TOC entry 4993 (class 0 OID 0)
-- Dependencies: 220
-- Name: auth_permission_id_seq; Type: SEQUENCE SET; Schema: public; Owner: Michail
--

SELECT pg_catalog.setval('public.auth_permission_id_seq', 24, true);


--
-- TOC entry 4994 (class 0 OID 0)
-- Dependencies: 228
-- Name: auth_user_groups_id_seq; Type: SEQUENCE SET; Schema: public; Owner: Michail
--

SELECT pg_catalog.setval('public.auth_user_groups_id_seq', 1, false);


--
-- TOC entry 4995 (class 0 OID 0)
-- Dependencies: 226
-- Name: auth_user_id_seq; Type: SEQUENCE SET; Schema: public; Owner: Michail
--

SELECT pg_catalog.setval('public.auth_user_id_seq', 9, true);


--
-- TOC entry 4996 (class 0 OID 0)
-- Dependencies: 230
-- Name: auth_user_user_permissions_id_seq; Type: SEQUENCE SET; Schema: public; Owner: Michail
--

SELECT pg_catalog.setval('public.auth_user_user_permissions_id_seq', 1, false);


--
-- TOC entry 4997 (class 0 OID 0)
-- Dependencies: 232
-- Name: django_admin_log_id_seq; Type: SEQUENCE SET; Schema: public; Owner: Michail
--

SELECT pg_catalog.setval('public.django_admin_log_id_seq', 1, false);


--
-- TOC entry 4998 (class 0 OID 0)
-- Dependencies: 218
-- Name: django_content_type_id_seq; Type: SEQUENCE SET; Schema: public; Owner: Michail
--

SELECT pg_catalog.setval('public.django_content_type_id_seq', 6, true);


--
-- TOC entry 4999 (class 0 OID 0)
-- Dependencies: 216
-- Name: django_migrations_id_seq; Type: SEQUENCE SET; Schema: public; Owner: Michail
--

SELECT pg_catalog.setval('public.django_migrations_id_seq', 18, true);


--
-- TOC entry 5000 (class 0 OID 0)
-- Dependencies: 238
-- Name: subtasks_subtask_id_seq; Type: SEQUENCE SET; Schema: work_schema; Owner: postgres
--

SELECT pg_catalog.setval('work_schema.subtasks_subtask_id_seq', 5, true);


--
-- TOC entry 5001 (class 0 OID 0)
-- Dependencies: 240
-- Name: tasks_task_id_seq; Type: SEQUENCE SET; Schema: work_schema; Owner: postgres
--

SELECT pg_catalog.setval('work_schema.tasks_task_id_seq', 29, true);


--
-- TOC entry 5002 (class 0 OID 0)
-- Dependencies: 239
-- Name: users_tasks_users_tasks_id_seq; Type: SEQUENCE SET; Schema: work_schema; Owner: postgres
--

SELECT pg_catalog.setval('work_schema.users_tasks_users_tasks_id_seq', 10, true);


--
-- TOC entry 4765 (class 2606 OID 16537)
-- Name: auth_group auth_group_name_key; Type: CONSTRAINT; Schema: public; Owner: Michail
--

ALTER TABLE ONLY public.auth_group
    ADD CONSTRAINT auth_group_name_key UNIQUE (name);


--
-- TOC entry 4770 (class 2606 OID 16468)
-- Name: auth_group_permissions auth_group_permissions_group_id_permission_id_0cd325b0_uniq; Type: CONSTRAINT; Schema: public; Owner: Michail
--

ALTER TABLE ONLY public.auth_group_permissions
    ADD CONSTRAINT auth_group_permissions_group_id_permission_id_0cd325b0_uniq UNIQUE (group_id, permission_id);


--
-- TOC entry 4773 (class 2606 OID 16437)
-- Name: auth_group_permissions auth_group_permissions_pkey; Type: CONSTRAINT; Schema: public; Owner: Michail
--

ALTER TABLE ONLY public.auth_group_permissions
    ADD CONSTRAINT auth_group_permissions_pkey PRIMARY KEY (id);


--
-- TOC entry 4767 (class 2606 OID 16429)
-- Name: auth_group auth_group_pkey; Type: CONSTRAINT; Schema: public; Owner: Michail
--

ALTER TABLE ONLY public.auth_group
    ADD CONSTRAINT auth_group_pkey PRIMARY KEY (id);


--
-- TOC entry 4760 (class 2606 OID 16459)
-- Name: auth_permission auth_permission_content_type_id_codename_01ab375a_uniq; Type: CONSTRAINT; Schema: public; Owner: Michail
--

ALTER TABLE ONLY public.auth_permission
    ADD CONSTRAINT auth_permission_content_type_id_codename_01ab375a_uniq UNIQUE (content_type_id, codename);


--
-- TOC entry 4762 (class 2606 OID 16423)
-- Name: auth_permission auth_permission_pkey; Type: CONSTRAINT; Schema: public; Owner: Michail
--

ALTER TABLE ONLY public.auth_permission
    ADD CONSTRAINT auth_permission_pkey PRIMARY KEY (id);


--
-- TOC entry 4781 (class 2606 OID 16451)
-- Name: auth_user_groups auth_user_groups_pkey; Type: CONSTRAINT; Schema: public; Owner: Michail
--

ALTER TABLE ONLY public.auth_user_groups
    ADD CONSTRAINT auth_user_groups_pkey PRIMARY KEY (id);


--
-- TOC entry 4784 (class 2606 OID 16483)
-- Name: auth_user_groups auth_user_groups_user_id_group_id_94350c0c_uniq; Type: CONSTRAINT; Schema: public; Owner: Michail
--

ALTER TABLE ONLY public.auth_user_groups
    ADD CONSTRAINT auth_user_groups_user_id_group_id_94350c0c_uniq UNIQUE (user_id, group_id);


--
-- TOC entry 4775 (class 2606 OID 16443)
-- Name: auth_user auth_user_pkey; Type: CONSTRAINT; Schema: public; Owner: Michail
--

ALTER TABLE ONLY public.auth_user
    ADD CONSTRAINT auth_user_pkey PRIMARY KEY (id);


--
-- TOC entry 4787 (class 2606 OID 16457)
-- Name: auth_user_user_permissions auth_user_user_permissions_pkey; Type: CONSTRAINT; Schema: public; Owner: Michail
--

ALTER TABLE ONLY public.auth_user_user_permissions
    ADD CONSTRAINT auth_user_user_permissions_pkey PRIMARY KEY (id);


--
-- TOC entry 4790 (class 2606 OID 16497)
-- Name: auth_user_user_permissions auth_user_user_permissions_user_id_permission_id_14a6b632_uniq; Type: CONSTRAINT; Schema: public; Owner: Michail
--

ALTER TABLE ONLY public.auth_user_user_permissions
    ADD CONSTRAINT auth_user_user_permissions_user_id_permission_id_14a6b632_uniq UNIQUE (user_id, permission_id);


--
-- TOC entry 4778 (class 2606 OID 16532)
-- Name: auth_user auth_user_username_key; Type: CONSTRAINT; Schema: public; Owner: Michail
--

ALTER TABLE ONLY public.auth_user
    ADD CONSTRAINT auth_user_username_key UNIQUE (username);


--
-- TOC entry 4793 (class 2606 OID 16518)
-- Name: django_admin_log django_admin_log_pkey; Type: CONSTRAINT; Schema: public; Owner: Michail
--

ALTER TABLE ONLY public.django_admin_log
    ADD CONSTRAINT django_admin_log_pkey PRIMARY KEY (id);


--
-- TOC entry 4755 (class 2606 OID 16417)
-- Name: django_content_type django_content_type_app_label_model_76bd3d3b_uniq; Type: CONSTRAINT; Schema: public; Owner: Michail
--

ALTER TABLE ONLY public.django_content_type
    ADD CONSTRAINT django_content_type_app_label_model_76bd3d3b_uniq UNIQUE (app_label, model);


--
-- TOC entry 4757 (class 2606 OID 16415)
-- Name: django_content_type django_content_type_pkey; Type: CONSTRAINT; Schema: public; Owner: Michail
--

ALTER TABLE ONLY public.django_content_type
    ADD CONSTRAINT django_content_type_pkey PRIMARY KEY (id);


--
-- TOC entry 4753 (class 2606 OID 16409)
-- Name: django_migrations django_migrations_pkey; Type: CONSTRAINT; Schema: public; Owner: Michail
--

ALTER TABLE ONLY public.django_migrations
    ADD CONSTRAINT django_migrations_pkey PRIMARY KEY (id);


--
-- TOC entry 4797 (class 2606 OID 16545)
-- Name: django_session django_session_pkey; Type: CONSTRAINT; Schema: public; Owner: Michail
--

ALTER TABLE ONLY public.django_session
    ADD CONSTRAINT django_session_pkey PRIMARY KEY (session_key);


--
-- TOC entry 4804 (class 2606 OID 16760)
-- Name: subtasks subtasks_pkey; Type: CONSTRAINT; Schema: work_schema; Owner: postgres
--

ALTER TABLE ONLY work_schema.subtasks
    ADD CONSTRAINT subtasks_pkey PRIMARY KEY (subtask_id);


--
-- TOC entry 4800 (class 2606 OID 16739)
-- Name: tasks tasks_pkey; Type: CONSTRAINT; Schema: work_schema; Owner: postgres
--

ALTER TABLE ONLY work_schema.tasks
    ADD CONSTRAINT tasks_pkey PRIMARY KEY (task_id);


--
-- TOC entry 4802 (class 2606 OID 16744)
-- Name: users_tasks users_tasks_pkey; Type: CONSTRAINT; Schema: work_schema; Owner: postgres
--

ALTER TABLE ONLY work_schema.users_tasks
    ADD CONSTRAINT users_tasks_pkey PRIMARY KEY (users_tasks_id);


--
-- TOC entry 4763 (class 1259 OID 16538)
-- Name: auth_group_name_a6ea08ec_like; Type: INDEX; Schema: public; Owner: Michail
--

CREATE INDEX auth_group_name_a6ea08ec_like ON public.auth_group USING btree (name varchar_pattern_ops);


--
-- TOC entry 4768 (class 1259 OID 16479)
-- Name: auth_group_permissions_group_id_b120cbf9; Type: INDEX; Schema: public; Owner: Michail
--

CREATE INDEX auth_group_permissions_group_id_b120cbf9 ON public.auth_group_permissions USING btree (group_id);


--
-- TOC entry 4771 (class 1259 OID 16480)
-- Name: auth_group_permissions_permission_id_84c5c92e; Type: INDEX; Schema: public; Owner: Michail
--

CREATE INDEX auth_group_permissions_permission_id_84c5c92e ON public.auth_group_permissions USING btree (permission_id);


--
-- TOC entry 4758 (class 1259 OID 16465)
-- Name: auth_permission_content_type_id_2f476e4b; Type: INDEX; Schema: public; Owner: Michail
--

CREATE INDEX auth_permission_content_type_id_2f476e4b ON public.auth_permission USING btree (content_type_id);


--
-- TOC entry 4779 (class 1259 OID 16495)
-- Name: auth_user_groups_group_id_97559544; Type: INDEX; Schema: public; Owner: Michail
--

CREATE INDEX auth_user_groups_group_id_97559544 ON public.auth_user_groups USING btree (group_id);


--
-- TOC entry 4782 (class 1259 OID 16494)
-- Name: auth_user_groups_user_id_6a12ed8b; Type: INDEX; Schema: public; Owner: Michail
--

CREATE INDEX auth_user_groups_user_id_6a12ed8b ON public.auth_user_groups USING btree (user_id);


--
-- TOC entry 4785 (class 1259 OID 16509)
-- Name: auth_user_user_permissions_permission_id_1fbb5f2c; Type: INDEX; Schema: public; Owner: Michail
--

CREATE INDEX auth_user_user_permissions_permission_id_1fbb5f2c ON public.auth_user_user_permissions USING btree (permission_id);


--
-- TOC entry 4788 (class 1259 OID 16508)
-- Name: auth_user_user_permissions_user_id_a95ead1b; Type: INDEX; Schema: public; Owner: Michail
--

CREATE INDEX auth_user_user_permissions_user_id_a95ead1b ON public.auth_user_user_permissions USING btree (user_id);


--
-- TOC entry 4776 (class 1259 OID 16533)
-- Name: auth_user_username_6821ab7c_like; Type: INDEX; Schema: public; Owner: Michail
--

CREATE INDEX auth_user_username_6821ab7c_like ON public.auth_user USING btree (username varchar_pattern_ops);


--
-- TOC entry 4791 (class 1259 OID 16529)
-- Name: django_admin_log_content_type_id_c4bce8eb; Type: INDEX; Schema: public; Owner: Michail
--

CREATE INDEX django_admin_log_content_type_id_c4bce8eb ON public.django_admin_log USING btree (content_type_id);


--
-- TOC entry 4794 (class 1259 OID 16530)
-- Name: django_admin_log_user_id_c564eba6; Type: INDEX; Schema: public; Owner: Michail
--

CREATE INDEX django_admin_log_user_id_c564eba6 ON public.django_admin_log USING btree (user_id);


--
-- TOC entry 4795 (class 1259 OID 16547)
-- Name: django_session_expire_date_a5c62663; Type: INDEX; Schema: public; Owner: Michail
--

CREATE INDEX django_session_expire_date_a5c62663 ON public.django_session USING btree (expire_date);


--
-- TOC entry 4798 (class 1259 OID 16546)
-- Name: django_session_session_key_c0390e0f_like; Type: INDEX; Schema: public; Owner: Michail
--

CREATE INDEX django_session_session_key_c0390e0f_like ON public.django_session USING btree (session_key varchar_pattern_ops);


--
-- TOC entry 4806 (class 2606 OID 16474)
-- Name: auth_group_permissions auth_group_permissio_permission_id_84c5c92e_fk_auth_perm; Type: FK CONSTRAINT; Schema: public; Owner: Michail
--

ALTER TABLE ONLY public.auth_group_permissions
    ADD CONSTRAINT auth_group_permissio_permission_id_84c5c92e_fk_auth_perm FOREIGN KEY (permission_id) REFERENCES public.auth_permission(id) DEFERRABLE INITIALLY DEFERRED;


--
-- TOC entry 4807 (class 2606 OID 16469)
-- Name: auth_group_permissions auth_group_permissions_group_id_b120cbf9_fk_auth_group_id; Type: FK CONSTRAINT; Schema: public; Owner: Michail
--

ALTER TABLE ONLY public.auth_group_permissions
    ADD CONSTRAINT auth_group_permissions_group_id_b120cbf9_fk_auth_group_id FOREIGN KEY (group_id) REFERENCES public.auth_group(id) DEFERRABLE INITIALLY DEFERRED;


--
-- TOC entry 4805 (class 2606 OID 16460)
-- Name: auth_permission auth_permission_content_type_id_2f476e4b_fk_django_co; Type: FK CONSTRAINT; Schema: public; Owner: Michail
--

ALTER TABLE ONLY public.auth_permission
    ADD CONSTRAINT auth_permission_content_type_id_2f476e4b_fk_django_co FOREIGN KEY (content_type_id) REFERENCES public.django_content_type(id) DEFERRABLE INITIALLY DEFERRED;


--
-- TOC entry 4808 (class 2606 OID 16489)
-- Name: auth_user_groups auth_user_groups_group_id_97559544_fk_auth_group_id; Type: FK CONSTRAINT; Schema: public; Owner: Michail
--

ALTER TABLE ONLY public.auth_user_groups
    ADD CONSTRAINT auth_user_groups_group_id_97559544_fk_auth_group_id FOREIGN KEY (group_id) REFERENCES public.auth_group(id) DEFERRABLE INITIALLY DEFERRED;


--
-- TOC entry 4809 (class 2606 OID 16484)
-- Name: auth_user_groups auth_user_groups_user_id_6a12ed8b_fk_auth_user_id; Type: FK CONSTRAINT; Schema: public; Owner: Michail
--

ALTER TABLE ONLY public.auth_user_groups
    ADD CONSTRAINT auth_user_groups_user_id_6a12ed8b_fk_auth_user_id FOREIGN KEY (user_id) REFERENCES public.auth_user(id) DEFERRABLE INITIALLY DEFERRED;


--
-- TOC entry 4810 (class 2606 OID 16503)
-- Name: auth_user_user_permissions auth_user_user_permi_permission_id_1fbb5f2c_fk_auth_perm; Type: FK CONSTRAINT; Schema: public; Owner: Michail
--

ALTER TABLE ONLY public.auth_user_user_permissions
    ADD CONSTRAINT auth_user_user_permi_permission_id_1fbb5f2c_fk_auth_perm FOREIGN KEY (permission_id) REFERENCES public.auth_permission(id) DEFERRABLE INITIALLY DEFERRED;


--
-- TOC entry 4811 (class 2606 OID 16498)
-- Name: auth_user_user_permissions auth_user_user_permissions_user_id_a95ead1b_fk_auth_user_id; Type: FK CONSTRAINT; Schema: public; Owner: Michail
--

ALTER TABLE ONLY public.auth_user_user_permissions
    ADD CONSTRAINT auth_user_user_permissions_user_id_a95ead1b_fk_auth_user_id FOREIGN KEY (user_id) REFERENCES public.auth_user(id) DEFERRABLE INITIALLY DEFERRED;


--
-- TOC entry 4812 (class 2606 OID 16519)
-- Name: django_admin_log django_admin_log_content_type_id_c4bce8eb_fk_django_co; Type: FK CONSTRAINT; Schema: public; Owner: Michail
--

ALTER TABLE ONLY public.django_admin_log
    ADD CONSTRAINT django_admin_log_content_type_id_c4bce8eb_fk_django_co FOREIGN KEY (content_type_id) REFERENCES public.django_content_type(id) DEFERRABLE INITIALLY DEFERRED;


--
-- TOC entry 4813 (class 2606 OID 16524)
-- Name: django_admin_log django_admin_log_user_id_c564eba6_fk_auth_user_id; Type: FK CONSTRAINT; Schema: public; Owner: Michail
--

ALTER TABLE ONLY public.django_admin_log
    ADD CONSTRAINT django_admin_log_user_id_c564eba6_fk_auth_user_id FOREIGN KEY (user_id) REFERENCES public.auth_user(id) DEFERRABLE INITIALLY DEFERRED;


--
-- TOC entry 4814 (class 2606 OID 16750)
-- Name: users_tasks task_fk; Type: FK CONSTRAINT; Schema: work_schema; Owner: postgres
--

ALTER TABLE ONLY work_schema.users_tasks
    ADD CONSTRAINT task_fk FOREIGN KEY (task_id) REFERENCES work_schema.tasks(task_id);


--
-- TOC entry 4816 (class 2606 OID 16761)
-- Name: subtasks task_fk; Type: FK CONSTRAINT; Schema: work_schema; Owner: postgres
--

ALTER TABLE ONLY work_schema.subtasks
    ADD CONSTRAINT task_fk FOREIGN KEY (task_id) REFERENCES work_schema.tasks(task_id);


--
-- TOC entry 4815 (class 2606 OID 16745)
-- Name: users_tasks user_fk; Type: FK CONSTRAINT; Schema: work_schema; Owner: postgres
--

ALTER TABLE ONLY work_schema.users_tasks
    ADD CONSTRAINT user_fk FOREIGN KEY (user_id) REFERENCES public.auth_user(id);


-- Completed on 2023-12-20 11:28:48

--
-- PostgreSQL database dump complete
--

--
-- Database "TimurDataBase" dump
--

--
-- PostgreSQL database dump
--

-- Dumped from database version 16.0
-- Dumped by pg_dump version 16.0

-- Started on 2023-12-20 11:28:48

SET statement_timeout = 0;
SET lock_timeout = 0;
SET idle_in_transaction_session_timeout = 0;
SET client_encoding = 'UTF8';
SET standard_conforming_strings = on;
SELECT pg_catalog.set_config('search_path', '', false);
SET check_function_bodies = false;
SET xmloption = content;
SET client_min_messages = warning;
SET row_security = off;

--
-- TOC entry 4982 (class 1262 OID 16399)
-- Name: TimurDataBase; Type: DATABASE; Schema: -; Owner: postgres
--

CREATE DATABASE "TimurDataBase" WITH TEMPLATE = template0 ENCODING = 'UTF8' LOCALE_PROVIDER = libc LOCALE = 'Russian_Russia.1251';


ALTER DATABASE "TimurDataBase" OWNER TO postgres;

\connect "TimurDataBase"

SET statement_timeout = 0;
SET lock_timeout = 0;
SET idle_in_transaction_session_timeout = 0;
SET client_encoding = 'UTF8';
SET standard_conforming_strings = on;
SELECT pg_catalog.set_config('search_path', '', false);
SET check_function_bodies = false;
SET xmloption = content;
SET client_min_messages = warning;
SET row_security = off;

--
-- TOC entry 6 (class 2615 OID 16695)
-- Name: work_schema; Type: SCHEMA; Schema: -; Owner: Timur
--

CREATE SCHEMA work_schema;


ALTER SCHEMA work_schema OWNER TO "Timur";

--
-- TOC entry 238 (class 1255 OID 32836)
-- Name: test(); Type: FUNCTION; Schema: public; Owner: Timur
--

CREATE FUNCTION public.test() RETURNS TABLE(credit_book text, first_name character varying, last_name character varying, email character varying, date_in date, date_out date)
    LANGUAGE plpgsql
    AS $$
BEGIN
    RETURN QUERY
    SELECT
        lpad(book.credit_book_id::varchar(15), 6, '2165') as credit_book,
        us.first_name,
        us.last_name,
        us.email,
        book.date_in,
        book.date_out
    FROM
        public.auth_user us
        JOIN work_schema.credit_book book
            ON us.id = book.credit_book_id;
END;
$$;


ALTER FUNCTION public.test() OWNER TO "Timur";

SET default_tablespace = '';

SET default_table_access_method = heap;

--
-- TOC entry 223 (class 1259 OID 16572)
-- Name: auth_group; Type: TABLE; Schema: public; Owner: Timur
--

CREATE TABLE public.auth_group (
    id integer NOT NULL,
    name character varying(150) NOT NULL,
    date_in date,
    date_out date
);


ALTER TABLE public.auth_group OWNER TO "Timur";

--
-- TOC entry 222 (class 1259 OID 16571)
-- Name: auth_group_id_seq; Type: SEQUENCE; Schema: public; Owner: Timur
--

ALTER TABLE public.auth_group ALTER COLUMN id ADD GENERATED BY DEFAULT AS IDENTITY (
    SEQUENCE NAME public.auth_group_id_seq
    START WITH 1
    INCREMENT BY 1
    NO MINVALUE
    NO MAXVALUE
    CACHE 1
);


--
-- TOC entry 225 (class 1259 OID 16580)
-- Name: auth_group_permissions; Type: TABLE; Schema: public; Owner: Timur
--

CREATE TABLE public.auth_group_permissions (
    id bigint NOT NULL,
    group_id integer NOT NULL,
    permission_id integer NOT NULL
);


ALTER TABLE public.auth_group_permissions OWNER TO "Timur";

--
-- TOC entry 224 (class 1259 OID 16579)
-- Name: auth_group_permissions_id_seq; Type: SEQUENCE; Schema: public; Owner: Timur
--

ALTER TABLE public.auth_group_permissions ALTER COLUMN id ADD GENERATED BY DEFAULT AS IDENTITY (
    SEQUENCE NAME public.auth_group_permissions_id_seq
    START WITH 1
    INCREMENT BY 1
    NO MINVALUE
    NO MAXVALUE
    CACHE 1
);


--
-- TOC entry 221 (class 1259 OID 16566)
-- Name: auth_permission; Type: TABLE; Schema: public; Owner: Timur
--

CREATE TABLE public.auth_permission (
    id integer NOT NULL,
    name character varying(255) NOT NULL,
    content_type_id integer NOT NULL,
    codename character varying(100) NOT NULL
);


ALTER TABLE public.auth_permission OWNER TO "Timur";

--
-- TOC entry 220 (class 1259 OID 16565)
-- Name: auth_permission_id_seq; Type: SEQUENCE; Schema: public; Owner: Timur
--

ALTER TABLE public.auth_permission ALTER COLUMN id ADD GENERATED BY DEFAULT AS IDENTITY (
    SEQUENCE NAME public.auth_permission_id_seq
    START WITH 1
    INCREMENT BY 1
    NO MINVALUE
    NO MAXVALUE
    CACHE 1
);


--
-- TOC entry 227 (class 1259 OID 16586)
-- Name: auth_user; Type: TABLE; Schema: public; Owner: Timur
--

CREATE TABLE public.auth_user (
    id integer NOT NULL,
    password character varying(128) NOT NULL,
    last_login timestamp with time zone,
    is_superuser boolean NOT NULL,
    username character varying(150) NOT NULL,
    first_name character varying(150) NOT NULL,
    last_name character varying(150) NOT NULL,
    email character varying(254) NOT NULL,
    is_staff boolean NOT NULL,
    is_active boolean NOT NULL,
    date_joined timestamp with time zone NOT NULL
);


ALTER TABLE public.auth_user OWNER TO "Timur";

--
-- TOC entry 229 (class 1259 OID 16594)
-- Name: auth_user_groups; Type: TABLE; Schema: public; Owner: Timur
--

CREATE TABLE public.auth_user_groups (
    id bigint NOT NULL,
    user_id integer NOT NULL,
    group_id integer NOT NULL
);


ALTER TABLE public.auth_user_groups OWNER TO "Timur";

--
-- TOC entry 228 (class 1259 OID 16593)
-- Name: auth_user_groups_id_seq; Type: SEQUENCE; Schema: public; Owner: Timur
--

ALTER TABLE public.auth_user_groups ALTER COLUMN id ADD GENERATED BY DEFAULT AS IDENTITY (
    SEQUENCE NAME public.auth_user_groups_id_seq
    START WITH 1
    INCREMENT BY 1
    NO MINVALUE
    NO MAXVALUE
    CACHE 1
);


--
-- TOC entry 226 (class 1259 OID 16585)
-- Name: auth_user_id_seq; Type: SEQUENCE; Schema: public; Owner: Timur
--

ALTER TABLE public.auth_user ALTER COLUMN id ADD GENERATED BY DEFAULT AS IDENTITY (
    SEQUENCE NAME public.auth_user_id_seq
    START WITH 1
    INCREMENT BY 1
    NO MINVALUE
    NO MAXVALUE
    CACHE 1
);


--
-- TOC entry 231 (class 1259 OID 16600)
-- Name: auth_user_user_permissions; Type: TABLE; Schema: public; Owner: Timur
--

CREATE TABLE public.auth_user_user_permissions (
    id bigint NOT NULL,
    user_id integer NOT NULL,
    permission_id integer NOT NULL
);


ALTER TABLE public.auth_user_user_permissions OWNER TO "Timur";

--
-- TOC entry 230 (class 1259 OID 16599)
-- Name: auth_user_user_permissions_id_seq; Type: SEQUENCE; Schema: public; Owner: Timur
--

ALTER TABLE public.auth_user_user_permissions ALTER COLUMN id ADD GENERATED BY DEFAULT AS IDENTITY (
    SEQUENCE NAME public.auth_user_user_permissions_id_seq
    START WITH 1
    INCREMENT BY 1
    NO MINVALUE
    NO MAXVALUE
    CACHE 1
);


--
-- TOC entry 233 (class 1259 OID 16658)
-- Name: django_admin_log; Type: TABLE; Schema: public; Owner: Timur
--

CREATE TABLE public.django_admin_log (
    id integer NOT NULL,
    action_time timestamp with time zone NOT NULL,
    object_id text,
    object_repr character varying(200) NOT NULL,
    action_flag smallint NOT NULL,
    change_message text NOT NULL,
    content_type_id integer,
    user_id integer NOT NULL,
    CONSTRAINT django_admin_log_action_flag_check CHECK ((action_flag >= 0))
);


ALTER TABLE public.django_admin_log OWNER TO "Timur";

--
-- TOC entry 232 (class 1259 OID 16657)
-- Name: django_admin_log_id_seq; Type: SEQUENCE; Schema: public; Owner: Timur
--

ALTER TABLE public.django_admin_log ALTER COLUMN id ADD GENERATED BY DEFAULT AS IDENTITY (
    SEQUENCE NAME public.django_admin_log_id_seq
    START WITH 1
    INCREMENT BY 1
    NO MINVALUE
    NO MAXVALUE
    CACHE 1
);


--
-- TOC entry 219 (class 1259 OID 16558)
-- Name: django_content_type; Type: TABLE; Schema: public; Owner: Timur
--

CREATE TABLE public.django_content_type (
    id integer NOT NULL,
    app_label character varying(100) NOT NULL,
    model character varying(100) NOT NULL
);


ALTER TABLE public.django_content_type OWNER TO "Timur";

--
-- TOC entry 218 (class 1259 OID 16557)
-- Name: django_content_type_id_seq; Type: SEQUENCE; Schema: public; Owner: Timur
--

ALTER TABLE public.django_content_type ALTER COLUMN id ADD GENERATED BY DEFAULT AS IDENTITY (
    SEQUENCE NAME public.django_content_type_id_seq
    START WITH 1
    INCREMENT BY 1
    NO MINVALUE
    NO MAXVALUE
    CACHE 1
);


--
-- TOC entry 217 (class 1259 OID 16550)
-- Name: django_migrations; Type: TABLE; Schema: public; Owner: Timur
--

CREATE TABLE public.django_migrations (
    id bigint NOT NULL,
    app character varying(255) NOT NULL,
    name character varying(255) NOT NULL,
    applied timestamp with time zone NOT NULL
);


ALTER TABLE public.django_migrations OWNER TO "Timur";

--
-- TOC entry 216 (class 1259 OID 16549)
-- Name: django_migrations_id_seq; Type: SEQUENCE; Schema: public; Owner: Timur
--

ALTER TABLE public.django_migrations ALTER COLUMN id ADD GENERATED BY DEFAULT AS IDENTITY (
    SEQUENCE NAME public.django_migrations_id_seq
    START WITH 1
    INCREMENT BY 1
    NO MINVALUE
    NO MAXVALUE
    CACHE 1
);


--
-- TOC entry 234 (class 1259 OID 16686)
-- Name: django_session; Type: TABLE; Schema: public; Owner: Timur
--

CREATE TABLE public.django_session (
    session_key character varying(40) NOT NULL,
    session_data text NOT NULL,
    expire_date timestamp with time zone NOT NULL
);


ALTER TABLE public.django_session OWNER TO "Timur";

--
-- TOC entry 236 (class 1259 OID 24594)
-- Name: credit_book; Type: TABLE; Schema: work_schema; Owner: Timur
--

CREATE TABLE work_schema.credit_book (
    credit_book_id integer NOT NULL,
    date_in date,
    date_out date,
    user_id integer
);


ALTER TABLE work_schema.credit_book OWNER TO "Timur";

--
-- TOC entry 4983 (class 0 OID 0)
-- Dependencies: 236
-- Name: TABLE credit_book; Type: COMMENT; Schema: work_schema; Owner: Timur
--

COMMENT ON TABLE work_schema.credit_book IS 'зачетная книжка';


--
-- TOC entry 4984 (class 0 OID 0)
-- Dependencies: 236
-- Name: COLUMN credit_book.credit_book_id; Type: COMMENT; Schema: work_schema; Owner: Timur
--

COMMENT ON COLUMN work_schema.credit_book.credit_book_id IS 'номер зачетной книжки';


--
-- TOC entry 235 (class 1259 OID 16699)
-- Name: subject; Type: TABLE; Schema: work_schema; Owner: Timur
--

CREATE TABLE work_schema.subject (
    subject_id integer NOT NULL,
    user_id integer,
    subject_name_id integer
);


ALTER TABLE work_schema.subject OWNER TO "Timur";

--
-- TOC entry 237 (class 1259 OID 24609)
-- Name: subject_name; Type: TABLE; Schema: work_schema; Owner: Timur
--

CREATE TABLE work_schema.subject_name (
    subject_name_id integer NOT NULL,
    subject_name character varying(50)
);


ALTER TABLE work_schema.subject_name OWNER TO "Timur";

--
-- TOC entry 4962 (class 0 OID 16572)
-- Dependencies: 223
-- Data for Name: auth_group; Type: TABLE DATA; Schema: public; Owner: Timur
--



--
-- TOC entry 4964 (class 0 OID 16580)
-- Dependencies: 225
-- Data for Name: auth_group_permissions; Type: TABLE DATA; Schema: public; Owner: Timur
--



--
-- TOC entry 4960 (class 0 OID 16566)
-- Dependencies: 221
-- Data for Name: auth_permission; Type: TABLE DATA; Schema: public; Owner: Timur
--

INSERT INTO public.auth_permission VALUES (1, 'Can add log entry', 1, 'add_logentry');
INSERT INTO public.auth_permission VALUES (2, 'Can change log entry', 1, 'change_logentry');
INSERT INTO public.auth_permission VALUES (3, 'Can delete log entry', 1, 'delete_logentry');
INSERT INTO public.auth_permission VALUES (4, 'Can view log entry', 1, 'view_logentry');
INSERT INTO public.auth_permission VALUES (5, 'Can add permission', 2, 'add_permission');
INSERT INTO public.auth_permission VALUES (6, 'Can change permission', 2, 'change_permission');
INSERT INTO public.auth_permission VALUES (7, 'Can delete permission', 2, 'delete_permission');
INSERT INTO public.auth_permission VALUES (8, 'Can view permission', 2, 'view_permission');
INSERT INTO public.auth_permission VALUES (9, 'Can add group', 3, 'add_group');
INSERT INTO public.auth_permission VALUES (10, 'Can change group', 3, 'change_group');
INSERT INTO public.auth_permission VALUES (11, 'Can delete group', 3, 'delete_group');
INSERT INTO public.auth_permission VALUES (12, 'Can view group', 3, 'view_group');
INSERT INTO public.auth_permission VALUES (13, 'Can add user', 4, 'add_user');
INSERT INTO public.auth_permission VALUES (14, 'Can change user', 4, 'change_user');
INSERT INTO public.auth_permission VALUES (15, 'Can delete user', 4, 'delete_user');
INSERT INTO public.auth_permission VALUES (16, 'Can view user', 4, 'view_user');
INSERT INTO public.auth_permission VALUES (17, 'Can add content type', 5, 'add_contenttype');
INSERT INTO public.auth_permission VALUES (18, 'Can change content type', 5, 'change_contenttype');
INSERT INTO public.auth_permission VALUES (19, 'Can delete content type', 5, 'delete_contenttype');
INSERT INTO public.auth_permission VALUES (20, 'Can view content type', 5, 'view_contenttype');
INSERT INTO public.auth_permission VALUES (21, 'Can add session', 6, 'add_session');
INSERT INTO public.auth_permission VALUES (22, 'Can change session', 6, 'change_session');
INSERT INTO public.auth_permission VALUES (23, 'Can delete session', 6, 'delete_session');
INSERT INTO public.auth_permission VALUES (24, 'Can view session', 6, 'view_session');


--
-- TOC entry 4966 (class 0 OID 16586)
-- Dependencies: 227
-- Data for Name: auth_user; Type: TABLE DATA; Schema: public; Owner: Timur
--

INSERT INTO public.auth_user VALUES (1, 'pbkdf2_sha256$600000$GNuJMh5BPD257nMgrAIKPp$CHb+Qep9uFP7upx5otsapmdIui5nNYdLaN48lO2z+/U=', '2023-11-15 21:17:54.938099+05', true, 'me', '', '', 'me@mail.ru', true, true, '2023-11-15 21:17:46.999234+05');
INSERT INTO public.auth_user VALUES (2, 'pbkdf2_sha256$600000$4l1EhNqEuhSsqVS9SLSrpv$jC6VfhzgogxnHq9heey7bPmGPNZoK0folkYtPvKyTik=', NULL, false, 'user_1', 'Гордей', 'Шляпкович', 'gor@gmail.com', false, true, '2023-11-15 21:20:50+05');
INSERT INTO public.auth_user VALUES (11, 'pbkdf2_sha256$600000$c7cL2TdU6l8beACEYHci7x$E0RrCdX0Y5GoiRJxPYgCd900U3maec3gi5D676rWezs=', NULL, false, 'user_10', 'Иван', 'Еремин', 'ivan@gmail.com', false, true, '2023-11-16 22:31:08+05');
INSERT INTO public.auth_user VALUES (12, 'pbkdf2_sha256$600000$esy3pw7QXgMqZeQOvfB9op$az7vN7L3JtUZbzusYwxxr1ryl/WXMWXPKwI/M4c2pSQ=', NULL, false, 'user_11', 'Полина', 'Тихомирова', 'pol@gmail.com', false, true, '2023-11-16 22:31:41+05');
INSERT INTO public.auth_user VALUES (3, 'pbkdf2_sha256$600000$At6XOtowlETiUkEUscwate$n34YG+j2UF9U+tnbGzY3JJSTgTnfxK8F8atr/b+GL80=', NULL, false, 'user_2', 'Алиса', 'Горбачева', 'alice@gmail.com', false, true, '2023-11-16 22:17:54+05');
INSERT INTO public.auth_user VALUES (4, 'pbkdf2_sha256$600000$KCQTzQi9qievF7GumO8QCo$1XKtedJBSSzDIdLoMMMiEgbaxfz8vm4boc/uTS0+Wac=', NULL, false, 'user_3', 'Виктор', 'Сидоров', 'vik@gmail.com', false, true, '2023-11-16 22:19:48+05');
INSERT INTO public.auth_user VALUES (5, 'pbkdf2_sha256$600000$2txgckO19iKXmWFpar0lwt$IVk/HMpgJHSsOHwW/B4yCg5nnh8I2xVbhwsIpYzE1PE=', NULL, false, 'user_4', 'Александр', 'Крылов', 'alec@gmail.com', false, true, '2023-11-16 22:25:44+05');
INSERT INTO public.auth_user VALUES (6, 'pbkdf2_sha256$600000$MarikKdkhw0Fm3Ed9uLvfu$x0PdKnERc0rUU56nCvRL0cNgMNpNB/jA7to44sHniPQ=', NULL, false, 'user_5', 'Олег', 'Князев', 'oleg@gmail.com', false, true, '2023-11-16 22:27:17+05');
INSERT INTO public.auth_user VALUES (7, 'pbkdf2_sha256$600000$jSRifXxBHLYvBCHQoP6UY1$myRsTuia+kl/yeYi3q1S04qBSBTlidcr6yfIoLpQ+AE=', NULL, false, 'user_6', 'Александр', 'Кузнецов', 'aleks@gmail.com', false, true, '2023-11-16 22:28:03+05');
INSERT INTO public.auth_user VALUES (8, 'pbkdf2_sha256$600000$422obyT97QM6OBuXSZPZFL$D1/g35PqWM/m8x1OV8UuN8v+YzqbtZt/VKxR1oIG7fw=', NULL, false, 'user_7', 'Василий', 'Григорьев', 'vas@gmail.com', false, true, '2023-11-16 22:29:00+05');
INSERT INTO public.auth_user VALUES (9, 'pbkdf2_sha256$600000$mnzZ5rP1ddhXxIX7sx9a0a$KxAEif9Th4+hYFiA73ztVYQ6m4lag8hcdkOjuPQ4DZI=', NULL, false, 'user_8', 'Владислав', 'Попов', 'vlad@gmail.com', false, true, '2023-11-16 22:29:44+05');
INSERT INTO public.auth_user VALUES (10, 'pbkdf2_sha256$600000$dclhwiI6rGTKCwMPryySMr$g+DHOJDOH4esq/08qgcz2sG54O28zuRee2XOHTwI27Q=', NULL, false, 'user_9', 'Дмитрий', 'Петров', 'dim@gmail.com', false, true, '2023-11-16 22:30:31+05');


--
-- TOC entry 4968 (class 0 OID 16594)
-- Dependencies: 229
-- Data for Name: auth_user_groups; Type: TABLE DATA; Schema: public; Owner: Timur
--



--
-- TOC entry 4970 (class 0 OID 16600)
-- Dependencies: 231
-- Data for Name: auth_user_user_permissions; Type: TABLE DATA; Schema: public; Owner: Timur
--



--
-- TOC entry 4972 (class 0 OID 16658)
-- Dependencies: 233
-- Data for Name: django_admin_log; Type: TABLE DATA; Schema: public; Owner: Timur
--

INSERT INTO public.django_admin_log VALUES (1, '2023-11-15 21:20:51.066335+05', '2', 'user_1', 1, '[{"added": {}}]', 4, 1);
INSERT INTO public.django_admin_log VALUES (2, '2023-11-15 21:26:27.34523+05', '2', 'user_1', 2, '[{"changed": {"fields": ["First name", "Last name", "Email address"]}}]', 4, 1);
INSERT INTO public.django_admin_log VALUES (3, '2023-11-16 22:17:54.230526+05', '3', 'user_2', 1, '[{"added": {}}]', 4, 1);
INSERT INTO public.django_admin_log VALUES (4, '2023-11-16 22:19:25.803327+05', '3', 'user_2', 2, '[{"changed": {"fields": ["First name", "Last name", "Email address"]}}]', 4, 1);
INSERT INTO public.django_admin_log VALUES (5, '2023-11-16 22:19:48.777157+05', '4', 'user_3', 1, '[{"added": {}}]', 4, 1);
INSERT INTO public.django_admin_log VALUES (6, '2023-11-16 22:20:18.628471+05', '4', 'user_3', 2, '[{"changed": {"fields": ["First name", "Last name", "Email address"]}}]', 4, 1);
INSERT INTO public.django_admin_log VALUES (7, '2023-11-16 22:25:44.94833+05', '5', 'user_4', 1, '[{"added": {}}]', 4, 1);
INSERT INTO public.django_admin_log VALUES (8, '2023-11-16 22:26:32.855378+05', '5', 'user_4', 2, '[{"changed": {"fields": ["First name", "Last name", "Email address"]}}]', 4, 1);
INSERT INTO public.django_admin_log VALUES (9, '2023-11-16 22:26:43.724302+05', '2', 'user_1', 2, '[]', 4, 1);
INSERT INTO public.django_admin_log VALUES (10, '2023-11-16 22:27:17.694049+05', '6', 'user_5', 1, '[{"added": {}}]', 4, 1);
INSERT INTO public.django_admin_log VALUES (11, '2023-11-16 22:27:47.703434+05', '6', 'user_5', 2, '[{"changed": {"fields": ["First name", "Last name", "Email address"]}}]', 4, 1);
INSERT INTO public.django_admin_log VALUES (12, '2023-11-16 22:28:03.197092+05', '7', 'user_6', 1, '[{"added": {}}]', 4, 1);
INSERT INTO public.django_admin_log VALUES (13, '2023-11-16 22:28:50.863198+05', '7', 'user_6', 2, '[{"changed": {"fields": ["First name", "Last name", "Email address"]}}]', 4, 1);
INSERT INTO public.django_admin_log VALUES (14, '2023-11-16 22:29:00.503203+05', '8', 'user_7', 1, '[{"added": {}}]', 4, 1);
INSERT INTO public.django_admin_log VALUES (15, '2023-11-16 22:29:28.770709+05', '8', 'user_7', 2, '[{"changed": {"fields": ["First name", "Last name", "Email address"]}}]', 4, 1);
INSERT INTO public.django_admin_log VALUES (16, '2023-11-16 22:29:44.371507+05', '9', 'user_8', 1, '[{"added": {}}]', 4, 1);
INSERT INTO public.django_admin_log VALUES (17, '2023-11-16 22:30:15.628619+05', '9', 'user_8', 2, '[{"changed": {"fields": ["First name", "Last name", "Email address"]}}]', 4, 1);
INSERT INTO public.django_admin_log VALUES (18, '2023-11-16 22:30:31.79777+05', '10', 'user_9', 1, '[{"added": {}}]', 4, 1);
INSERT INTO public.django_admin_log VALUES (19, '2023-11-16 22:30:51.861526+05', '10', 'user_9', 2, '[{"changed": {"fields": ["First name", "Last name", "Email address"]}}]', 4, 1);
INSERT INTO public.django_admin_log VALUES (20, '2023-11-16 22:31:08.385076+05', '11', 'user_10', 1, '[{"added": {}}]', 4, 1);
INSERT INTO public.django_admin_log VALUES (21, '2023-11-16 22:31:28.015705+05', '11', 'user_10', 2, '[{"changed": {"fields": ["First name", "Last name", "Email address"]}}]', 4, 1);
INSERT INTO public.django_admin_log VALUES (22, '2023-11-16 22:31:41.849081+05', '12', 'user_11', 1, '[{"added": {}}]', 4, 1);
INSERT INTO public.django_admin_log VALUES (23, '2023-11-16 22:32:15.786035+05', '12', 'user_11', 2, '[{"changed": {"fields": ["First name", "Last name", "Email address"]}}]', 4, 1);
INSERT INTO public.django_admin_log VALUES (24, '2023-11-24 22:43:06.529815+05', '11', 'user_10', 2, '[{"changed": {"fields": ["First name", "Last name"]}}]', 4, 1);
INSERT INTO public.django_admin_log VALUES (25, '2023-11-24 22:43:33.812651+05', '12', 'user_11', 2, '[{"changed": {"fields": ["First name", "Last name"]}}]', 4, 1);
INSERT INTO public.django_admin_log VALUES (26, '2023-11-24 22:43:50.420021+05', '3', 'user_2', 2, '[{"changed": {"fields": ["First name", "Last name"]}}]', 4, 1);
INSERT INTO public.django_admin_log VALUES (27, '2023-11-24 22:44:16.448625+05', '4', 'user_3', 2, '[{"changed": {"fields": ["First name", "Last name"]}}]', 4, 1);
INSERT INTO public.django_admin_log VALUES (28, '2023-11-24 22:44:34.831386+05', '5', 'user_4', 2, '[{"changed": {"fields": ["First name", "Last name"]}}]', 4, 1);
INSERT INTO public.django_admin_log VALUES (29, '2023-11-24 22:45:11.578918+05', '6', 'user_5', 2, '[{"changed": {"fields": ["First name", "Last name"]}}]', 4, 1);
INSERT INTO public.django_admin_log VALUES (30, '2023-11-24 22:45:29.702938+05', '7', 'user_6', 2, '[{"changed": {"fields": ["First name", "Last name"]}}]', 4, 1);
INSERT INTO public.django_admin_log VALUES (31, '2023-11-24 22:45:43.912628+05', '8', 'user_7', 2, '[{"changed": {"fields": ["First name", "Last name"]}}]', 4, 1);
INSERT INTO public.django_admin_log VALUES (32, '2023-11-24 22:46:02.883695+05', '9', 'user_8', 2, '[{"changed": {"fields": ["First name", "Last name"]}}]', 4, 1);
INSERT INTO public.django_admin_log VALUES (33, '2023-11-24 22:46:24.085327+05', '10', 'user_9', 2, '[{"changed": {"fields": ["First name", "Last name"]}}]', 4, 1);


--
-- TOC entry 4958 (class 0 OID 16558)
-- Dependencies: 219
-- Data for Name: django_content_type; Type: TABLE DATA; Schema: public; Owner: Timur
--

INSERT INTO public.django_content_type VALUES (1, 'admin', 'logentry');
INSERT INTO public.django_content_type VALUES (2, 'auth', 'permission');
INSERT INTO public.django_content_type VALUES (3, 'auth', 'group');
INSERT INTO public.django_content_type VALUES (4, 'auth', 'user');
INSERT INTO public.django_content_type VALUES (5, 'contenttypes', 'contenttype');
INSERT INTO public.django_content_type VALUES (6, 'sessions', 'session');


--
-- TOC entry 4956 (class 0 OID 16550)
-- Dependencies: 217
-- Data for Name: django_migrations; Type: TABLE DATA; Schema: public; Owner: Timur
--

INSERT INTO public.django_migrations VALUES (1, 'contenttypes', '0001_initial', '2023-10-12 15:34:20.97172+05');
INSERT INTO public.django_migrations VALUES (2, 'auth', '0001_initial', '2023-10-12 15:34:21.169343+05');
INSERT INTO public.django_migrations VALUES (3, 'admin', '0001_initial', '2023-10-12 15:34:21.222751+05');
INSERT INTO public.django_migrations VALUES (4, 'admin', '0002_logentry_remove_auto_add', '2023-10-12 15:34:21.236285+05');
INSERT INTO public.django_migrations VALUES (5, 'admin', '0003_logentry_add_action_flag_choices', '2023-10-12 15:34:21.254516+05');
INSERT INTO public.django_migrations VALUES (6, 'contenttypes', '0002_remove_content_type_name', '2023-10-12 15:34:21.285131+05');
INSERT INTO public.django_migrations VALUES (7, 'auth', '0002_alter_permission_name_max_length', '2023-10-12 15:34:21.307632+05');
INSERT INTO public.django_migrations VALUES (8, 'auth', '0003_alter_user_email_max_length', '2023-10-12 15:34:21.327252+05');
INSERT INTO public.django_migrations VALUES (9, 'auth', '0004_alter_user_username_opts', '2023-10-12 15:34:21.345173+05');
INSERT INTO public.django_migrations VALUES (10, 'auth', '0005_alter_user_last_login_null', '2023-10-12 15:34:21.365429+05');
INSERT INTO public.django_migrations VALUES (11, 'auth', '0006_require_contenttypes_0002', '2023-10-12 15:34:21.377703+05');
INSERT INTO public.django_migrations VALUES (12, 'auth', '0007_alter_validators_add_error_messages', '2023-10-12 15:34:21.395063+05');
INSERT INTO public.django_migrations VALUES (13, 'auth', '0008_alter_user_username_max_length', '2023-10-12 15:34:21.425159+05');
INSERT INTO public.django_migrations VALUES (14, 'auth', '0009_alter_user_last_name_max_length', '2023-10-12 15:34:21.449388+05');
INSERT INTO public.django_migrations VALUES (15, 'auth', '0010_alter_group_name_max_length', '2023-10-12 15:34:21.507904+05');
INSERT INTO public.django_migrations VALUES (16, 'auth', '0011_update_proxy_permissions', '2023-10-12 15:34:21.52505+05');
INSERT INTO public.django_migrations VALUES (17, 'auth', '0012_alter_user_first_name_max_length', '2023-10-12 15:34:21.547422+05');
INSERT INTO public.django_migrations VALUES (18, 'sessions', '0001_initial', '2023-10-12 15:34:21.601767+05');


--
-- TOC entry 4973 (class 0 OID 16686)
-- Dependencies: 234
-- Data for Name: django_session; Type: TABLE DATA; Schema: public; Owner: Timur
--

INSERT INTO public.django_session VALUES ('p7lb6jjjogpvzfg8h49c7bvxrhch5fti', '.eJxVjEEOwiAQRe_C2pDCQAGX7j0DGWZAqoYmpV0Z765NutDtf-_9l4i4rTVuPS9xYnEWSpx-t4T0yG0HfMd2myXNbV2mJHdFHrTL68z5eTncv4OKvX5rrwuQJmcGi7akkNAwJY3BsQWFUBwEw4NRqWQefSEetWLvAIiN4yzeH_a_OJI:1r3IaQ:CiHrd-QHk-QTUV-TDgoffwTL4cnCXpgVrK5LhfKZm60', '2023-11-29 21:17:54.944181+05');


--
-- TOC entry 4975 (class 0 OID 24594)
-- Dependencies: 236
-- Data for Name: credit_book; Type: TABLE DATA; Schema: work_schema; Owner: Timur
--

INSERT INTO work_schema.credit_book VALUES (1, '2018-09-16', '2022-09-01', 2);
INSERT INTO work_schema.credit_book VALUES (2, '2018-09-16', '2022-09-01', 3);
INSERT INTO work_schema.credit_book VALUES (3, '2018-09-16', '2022-09-01', 4);
INSERT INTO work_schema.credit_book VALUES (4, '2018-09-16', '2022-09-01', 5);
INSERT INTO work_schema.credit_book VALUES (5, '2018-09-16', '2022-09-01', 6);
INSERT INTO work_schema.credit_book VALUES (6, '2018-09-16', '2022-09-01', 7);
INSERT INTO work_schema.credit_book VALUES (7, '2019-09-01', '2023-09-01', 8);
INSERT INTO work_schema.credit_book VALUES (8, '2019-09-01', '2023-09-01', 9);
INSERT INTO work_schema.credit_book VALUES (9, '2019-09-01', '2023-09-01', 10);
INSERT INTO work_schema.credit_book VALUES (10, '2019-09-01', '2023-09-01', 11);
INSERT INTO work_schema.credit_book VALUES (11, '2019-09-01', '2023-09-01', 12);


--
-- TOC entry 4974 (class 0 OID 16699)
-- Dependencies: 235
-- Data for Name: subject; Type: TABLE DATA; Schema: work_schema; Owner: Timur
--

INSERT INTO work_schema.subject VALUES (1, 2, 1);
INSERT INTO work_schema.subject VALUES (2, 2, 2);
INSERT INTO work_schema.subject VALUES (3, 2, 3);
INSERT INTO work_schema.subject VALUES (4, 2, 4);
INSERT INTO work_schema.subject VALUES (5, 2, 5);
INSERT INTO work_schema.subject VALUES (6, 3, 1);
INSERT INTO work_schema.subject VALUES (7, 3, 2);
INSERT INTO work_schema.subject VALUES (8, 3, 3);
INSERT INTO work_schema.subject VALUES (9, 3, 4);
INSERT INTO work_schema.subject VALUES (10, 3, 5);
INSERT INTO work_schema.subject VALUES (11, 3, 6);
INSERT INTO work_schema.subject VALUES (12, 4, 1);
INSERT INTO work_schema.subject VALUES (13, 4, 2);
INSERT INTO work_schema.subject VALUES (14, 4, 3);
INSERT INTO work_schema.subject VALUES (15, 4, 4);
INSERT INTO work_schema.subject VALUES (16, 5, 1);
INSERT INTO work_schema.subject VALUES (17, 5, 2);
INSERT INTO work_schema.subject VALUES (18, 5, 3);
INSERT INTO work_schema.subject VALUES (19, 5, 4);
INSERT INTO work_schema.subject VALUES (20, 5, 5);
INSERT INTO work_schema.subject VALUES (21, 6, 1);
INSERT INTO work_schema.subject VALUES (22, 6, 2);
INSERT INTO work_schema.subject VALUES (23, 6, 3);
INSERT INTO work_schema.subject VALUES (24, 6, 4);
INSERT INTO work_schema.subject VALUES (25, 6, 5);
INSERT INTO work_schema.subject VALUES (26, 6, 6);
INSERT INTO work_schema.subject VALUES (27, 7, 1);
INSERT INTO work_schema.subject VALUES (28, 7, 2);
INSERT INTO work_schema.subject VALUES (29, 7, 3);
INSERT INTO work_schema.subject VALUES (30, 7, 4);
INSERT INTO work_schema.subject VALUES (31, 7, 5);
INSERT INTO work_schema.subject VALUES (32, 7, 6);
INSERT INTO work_schema.subject VALUES (33, 8, 1);
INSERT INTO work_schema.subject VALUES (34, 8, 2);
INSERT INTO work_schema.subject VALUES (35, 9, 1);
INSERT INTO work_schema.subject VALUES (36, 9, 2);
INSERT INTO work_schema.subject VALUES (37, 9, 3);
INSERT INTO work_schema.subject VALUES (38, 9, 4);
INSERT INTO work_schema.subject VALUES (39, 10, 1);
INSERT INTO work_schema.subject VALUES (40, 10, 2);
INSERT INTO work_schema.subject VALUES (41, 10, 3);
INSERT INTO work_schema.subject VALUES (42, 10, 4);
INSERT INTO work_schema.subject VALUES (43, 10, 5);
INSERT INTO work_schema.subject VALUES (44, 10, 6);
INSERT INTO work_schema.subject VALUES (45, 11, 1);
INSERT INTO work_schema.subject VALUES (46, 11, 2);
INSERT INTO work_schema.subject VALUES (47, 11, 3);
INSERT INTO work_schema.subject VALUES (48, 11, 4);
INSERT INTO work_schema.subject VALUES (49, 11, 5);
INSERT INTO work_schema.subject VALUES (50, 12, 1);
INSERT INTO work_schema.subject VALUES (51, 12, 2);
INSERT INTO work_schema.subject VALUES (52, 12, 3);
INSERT INTO work_schema.subject VALUES (53, 12, 4);
INSERT INTO work_schema.subject VALUES (54, 12, 5);
INSERT INTO work_schema.subject VALUES (55, 12, 6);


--
-- TOC entry 4976 (class 0 OID 24609)
-- Dependencies: 237
-- Data for Name: subject_name; Type: TABLE DATA; Schema: work_schema; Owner: Timur
--

INSERT INTO work_schema.subject_name VALUES (1, 'Защита информации');
INSERT INTO work_schema.subject_name VALUES (2, 'Локальные и глобальные сети');
INSERT INTO work_schema.subject_name VALUES (3, 'Web-сервисы');
INSERT INTO work_schema.subject_name VALUES (4, 'Правоведение');
INSERT INTO work_schema.subject_name VALUES (5, 'Управление проектами');
INSERT INTO work_schema.subject_name VALUES (6, 'Информационное обеспечение систем');


--
-- TOC entry 4985 (class 0 OID 0)
-- Dependencies: 222
-- Name: auth_group_id_seq; Type: SEQUENCE SET; Schema: public; Owner: Timur
--

SELECT pg_catalog.setval('public.auth_group_id_seq', 1, false);


--
-- TOC entry 4986 (class 0 OID 0)
-- Dependencies: 224
-- Name: auth_group_permissions_id_seq; Type: SEQUENCE SET; Schema: public; Owner: Timur
--

SELECT pg_catalog.setval('public.auth_group_permissions_id_seq', 1, false);


--
-- TOC entry 4987 (class 0 OID 0)
-- Dependencies: 220
-- Name: auth_permission_id_seq; Type: SEQUENCE SET; Schema: public; Owner: Timur
--

SELECT pg_catalog.setval('public.auth_permission_id_seq', 24, true);


--
-- TOC entry 4988 (class 0 OID 0)
-- Dependencies: 228
-- Name: auth_user_groups_id_seq; Type: SEQUENCE SET; Schema: public; Owner: Timur
--

SELECT pg_catalog.setval('public.auth_user_groups_id_seq', 1, false);


--
-- TOC entry 4989 (class 0 OID 0)
-- Dependencies: 226
-- Name: auth_user_id_seq; Type: SEQUENCE SET; Schema: public; Owner: Timur
--

SELECT pg_catalog.setval('public.auth_user_id_seq', 12, true);


--
-- TOC entry 4990 (class 0 OID 0)
-- Dependencies: 230
-- Name: auth_user_user_permissions_id_seq; Type: SEQUENCE SET; Schema: public; Owner: Timur
--

SELECT pg_catalog.setval('public.auth_user_user_permissions_id_seq', 1, false);


--
-- TOC entry 4991 (class 0 OID 0)
-- Dependencies: 232
-- Name: django_admin_log_id_seq; Type: SEQUENCE SET; Schema: public; Owner: Timur
--

SELECT pg_catalog.setval('public.django_admin_log_id_seq', 33, true);


--
-- TOC entry 4992 (class 0 OID 0)
-- Dependencies: 218
-- Name: django_content_type_id_seq; Type: SEQUENCE SET; Schema: public; Owner: Timur
--

SELECT pg_catalog.setval('public.django_content_type_id_seq', 6, true);


--
-- TOC entry 4993 (class 0 OID 0)
-- Dependencies: 216
-- Name: django_migrations_id_seq; Type: SEQUENCE SET; Schema: public; Owner: Timur
--

SELECT pg_catalog.setval('public.django_migrations_id_seq', 18, true);


--
-- TOC entry 4760 (class 2606 OID 16684)
-- Name: auth_group auth_group_name_key; Type: CONSTRAINT; Schema: public; Owner: Timur
--

ALTER TABLE ONLY public.auth_group
    ADD CONSTRAINT auth_group_name_key UNIQUE (name);


--
-- TOC entry 4765 (class 2606 OID 16615)
-- Name: auth_group_permissions auth_group_permissions_group_id_permission_id_0cd325b0_uniq; Type: CONSTRAINT; Schema: public; Owner: Timur
--

ALTER TABLE ONLY public.auth_group_permissions
    ADD CONSTRAINT auth_group_permissions_group_id_permission_id_0cd325b0_uniq UNIQUE (group_id, permission_id);


--
-- TOC entry 4768 (class 2606 OID 16584)
-- Name: auth_group_permissions auth_group_permissions_pkey; Type: CONSTRAINT; Schema: public; Owner: Timur
--

ALTER TABLE ONLY public.auth_group_permissions
    ADD CONSTRAINT auth_group_permissions_pkey PRIMARY KEY (id);


--
-- TOC entry 4762 (class 2606 OID 16576)
-- Name: auth_group auth_group_pkey; Type: CONSTRAINT; Schema: public; Owner: Timur
--

ALTER TABLE ONLY public.auth_group
    ADD CONSTRAINT auth_group_pkey PRIMARY KEY (id);


--
-- TOC entry 4755 (class 2606 OID 16606)
-- Name: auth_permission auth_permission_content_type_id_codename_01ab375a_uniq; Type: CONSTRAINT; Schema: public; Owner: Timur
--

ALTER TABLE ONLY public.auth_permission
    ADD CONSTRAINT auth_permission_content_type_id_codename_01ab375a_uniq UNIQUE (content_type_id, codename);


--
-- TOC entry 4757 (class 2606 OID 16570)
-- Name: auth_permission auth_permission_pkey; Type: CONSTRAINT; Schema: public; Owner: Timur
--

ALTER TABLE ONLY public.auth_permission
    ADD CONSTRAINT auth_permission_pkey PRIMARY KEY (id);


--
-- TOC entry 4776 (class 2606 OID 16598)
-- Name: auth_user_groups auth_user_groups_pkey; Type: CONSTRAINT; Schema: public; Owner: Timur
--

ALTER TABLE ONLY public.auth_user_groups
    ADD CONSTRAINT auth_user_groups_pkey PRIMARY KEY (id);


--
-- TOC entry 4779 (class 2606 OID 16630)
-- Name: auth_user_groups auth_user_groups_user_id_group_id_94350c0c_uniq; Type: CONSTRAINT; Schema: public; Owner: Timur
--

ALTER TABLE ONLY public.auth_user_groups
    ADD CONSTRAINT auth_user_groups_user_id_group_id_94350c0c_uniq UNIQUE (user_id, group_id);


--
-- TOC entry 4770 (class 2606 OID 16590)
-- Name: auth_user auth_user_pkey; Type: CONSTRAINT; Schema: public; Owner: Timur
--

ALTER TABLE ONLY public.auth_user
    ADD CONSTRAINT auth_user_pkey PRIMARY KEY (id);


--
-- TOC entry 4782 (class 2606 OID 16604)
-- Name: auth_user_user_permissions auth_user_user_permissions_pkey; Type: CONSTRAINT; Schema: public; Owner: Timur
--

ALTER TABLE ONLY public.auth_user_user_permissions
    ADD CONSTRAINT auth_user_user_permissions_pkey PRIMARY KEY (id);


--
-- TOC entry 4785 (class 2606 OID 16644)
-- Name: auth_user_user_permissions auth_user_user_permissions_user_id_permission_id_14a6b632_uniq; Type: CONSTRAINT; Schema: public; Owner: Timur
--

ALTER TABLE ONLY public.auth_user_user_permissions
    ADD CONSTRAINT auth_user_user_permissions_user_id_permission_id_14a6b632_uniq UNIQUE (user_id, permission_id);


--
-- TOC entry 4773 (class 2606 OID 16679)
-- Name: auth_user auth_user_username_key; Type: CONSTRAINT; Schema: public; Owner: Timur
--

ALTER TABLE ONLY public.auth_user
    ADD CONSTRAINT auth_user_username_key UNIQUE (username);


--
-- TOC entry 4788 (class 2606 OID 16665)
-- Name: django_admin_log django_admin_log_pkey; Type: CONSTRAINT; Schema: public; Owner: Timur
--

ALTER TABLE ONLY public.django_admin_log
    ADD CONSTRAINT django_admin_log_pkey PRIMARY KEY (id);


--
-- TOC entry 4750 (class 2606 OID 16564)
-- Name: django_content_type django_content_type_app_label_model_76bd3d3b_uniq; Type: CONSTRAINT; Schema: public; Owner: Timur
--

ALTER TABLE ONLY public.django_content_type
    ADD CONSTRAINT django_content_type_app_label_model_76bd3d3b_uniq UNIQUE (app_label, model);


--
-- TOC entry 4752 (class 2606 OID 16562)
-- Name: django_content_type django_content_type_pkey; Type: CONSTRAINT; Schema: public; Owner: Timur
--

ALTER TABLE ONLY public.django_content_type
    ADD CONSTRAINT django_content_type_pkey PRIMARY KEY (id);


--
-- TOC entry 4748 (class 2606 OID 16556)
-- Name: django_migrations django_migrations_pkey; Type: CONSTRAINT; Schema: public; Owner: Timur
--

ALTER TABLE ONLY public.django_migrations
    ADD CONSTRAINT django_migrations_pkey PRIMARY KEY (id);


--
-- TOC entry 4792 (class 2606 OID 16692)
-- Name: django_session django_session_pkey; Type: CONSTRAINT; Schema: public; Owner: Timur
--

ALTER TABLE ONLY public.django_session
    ADD CONSTRAINT django_session_pkey PRIMARY KEY (session_key);


--
-- TOC entry 4797 (class 2606 OID 24598)
-- Name: credit_book credit_book_pk; Type: CONSTRAINT; Schema: work_schema; Owner: Timur
--

ALTER TABLE ONLY work_schema.credit_book
    ADD CONSTRAINT credit_book_pk PRIMARY KEY (credit_book_id);


--
-- TOC entry 4799 (class 2606 OID 24613)
-- Name: subject_name subject_name_pk; Type: CONSTRAINT; Schema: work_schema; Owner: Timur
--

ALTER TABLE ONLY work_schema.subject_name
    ADD CONSTRAINT subject_name_pk PRIMARY KEY (subject_name_id);


--
-- TOC entry 4795 (class 2606 OID 16724)
-- Name: subject subject_pkey; Type: CONSTRAINT; Schema: work_schema; Owner: Timur
--

ALTER TABLE ONLY work_schema.subject
    ADD CONSTRAINT subject_pkey PRIMARY KEY (subject_id);


--
-- TOC entry 4758 (class 1259 OID 16685)
-- Name: auth_group_name_a6ea08ec_like; Type: INDEX; Schema: public; Owner: Timur
--

CREATE INDEX auth_group_name_a6ea08ec_like ON public.auth_group USING btree (name varchar_pattern_ops);


--
-- TOC entry 4763 (class 1259 OID 16626)
-- Name: auth_group_permissions_group_id_b120cbf9; Type: INDEX; Schema: public; Owner: Timur
--

CREATE INDEX auth_group_permissions_group_id_b120cbf9 ON public.auth_group_permissions USING btree (group_id);


--
-- TOC entry 4766 (class 1259 OID 16627)
-- Name: auth_group_permissions_permission_id_84c5c92e; Type: INDEX; Schema: public; Owner: Timur
--

CREATE INDEX auth_group_permissions_permission_id_84c5c92e ON public.auth_group_permissions USING btree (permission_id);


--
-- TOC entry 4753 (class 1259 OID 16612)
-- Name: auth_permission_content_type_id_2f476e4b; Type: INDEX; Schema: public; Owner: Timur
--

CREATE INDEX auth_permission_content_type_id_2f476e4b ON public.auth_permission USING btree (content_type_id);


--
-- TOC entry 4774 (class 1259 OID 16642)
-- Name: auth_user_groups_group_id_97559544; Type: INDEX; Schema: public; Owner: Timur
--

CREATE INDEX auth_user_groups_group_id_97559544 ON public.auth_user_groups USING btree (group_id);


--
-- TOC entry 4777 (class 1259 OID 16641)
-- Name: auth_user_groups_user_id_6a12ed8b; Type: INDEX; Schema: public; Owner: Timur
--

CREATE INDEX auth_user_groups_user_id_6a12ed8b ON public.auth_user_groups USING btree (user_id);


--
-- TOC entry 4780 (class 1259 OID 16656)
-- Name: auth_user_user_permissions_permission_id_1fbb5f2c; Type: INDEX; Schema: public; Owner: Timur
--

CREATE INDEX auth_user_user_permissions_permission_id_1fbb5f2c ON public.auth_user_user_permissions USING btree (permission_id);


--
-- TOC entry 4783 (class 1259 OID 16655)
-- Name: auth_user_user_permissions_user_id_a95ead1b; Type: INDEX; Schema: public; Owner: Timur
--

CREATE INDEX auth_user_user_permissions_user_id_a95ead1b ON public.auth_user_user_permissions USING btree (user_id);


--
-- TOC entry 4771 (class 1259 OID 16680)
-- Name: auth_user_username_6821ab7c_like; Type: INDEX; Schema: public; Owner: Timur
--

CREATE INDEX auth_user_username_6821ab7c_like ON public.auth_user USING btree (username varchar_pattern_ops);


--
-- TOC entry 4786 (class 1259 OID 16676)
-- Name: django_admin_log_content_type_id_c4bce8eb; Type: INDEX; Schema: public; Owner: Timur
--

CREATE INDEX django_admin_log_content_type_id_c4bce8eb ON public.django_admin_log USING btree (content_type_id);


--
-- TOC entry 4789 (class 1259 OID 16677)
-- Name: django_admin_log_user_id_c564eba6; Type: INDEX; Schema: public; Owner: Timur
--

CREATE INDEX django_admin_log_user_id_c564eba6 ON public.django_admin_log USING btree (user_id);


--
-- TOC entry 4790 (class 1259 OID 16694)
-- Name: django_session_expire_date_a5c62663; Type: INDEX; Schema: public; Owner: Timur
--

CREATE INDEX django_session_expire_date_a5c62663 ON public.django_session USING btree (expire_date);


--
-- TOC entry 4793 (class 1259 OID 16693)
-- Name: django_session_session_key_c0390e0f_like; Type: INDEX; Schema: public; Owner: Timur
--

CREATE INDEX django_session_session_key_c0390e0f_like ON public.django_session USING btree (session_key varchar_pattern_ops);


--
-- TOC entry 4801 (class 2606 OID 16621)
-- Name: auth_group_permissions auth_group_permissio_permission_id_84c5c92e_fk_auth_perm; Type: FK CONSTRAINT; Schema: public; Owner: Timur
--

ALTER TABLE ONLY public.auth_group_permissions
    ADD CONSTRAINT auth_group_permissio_permission_id_84c5c92e_fk_auth_perm FOREIGN KEY (permission_id) REFERENCES public.auth_permission(id) DEFERRABLE INITIALLY DEFERRED;


--
-- TOC entry 4802 (class 2606 OID 16616)
-- Name: auth_group_permissions auth_group_permissions_group_id_b120cbf9_fk_auth_group_id; Type: FK CONSTRAINT; Schema: public; Owner: Timur
--

ALTER TABLE ONLY public.auth_group_permissions
    ADD CONSTRAINT auth_group_permissions_group_id_b120cbf9_fk_auth_group_id FOREIGN KEY (group_id) REFERENCES public.auth_group(id) DEFERRABLE INITIALLY DEFERRED;


--
-- TOC entry 4800 (class 2606 OID 16607)
-- Name: auth_permission auth_permission_content_type_id_2f476e4b_fk_django_co; Type: FK CONSTRAINT; Schema: public; Owner: Timur
--

ALTER TABLE ONLY public.auth_permission
    ADD CONSTRAINT auth_permission_content_type_id_2f476e4b_fk_django_co FOREIGN KEY (content_type_id) REFERENCES public.django_content_type(id) DEFERRABLE INITIALLY DEFERRED;


--
-- TOC entry 4803 (class 2606 OID 16636)
-- Name: auth_user_groups auth_user_groups_group_id_97559544_fk_auth_group_id; Type: FK CONSTRAINT; Schema: public; Owner: Timur
--

ALTER TABLE ONLY public.auth_user_groups
    ADD CONSTRAINT auth_user_groups_group_id_97559544_fk_auth_group_id FOREIGN KEY (group_id) REFERENCES public.auth_group(id) DEFERRABLE INITIALLY DEFERRED;


--
-- TOC entry 4804 (class 2606 OID 16631)
-- Name: auth_user_groups auth_user_groups_user_id_6a12ed8b_fk_auth_user_id; Type: FK CONSTRAINT; Schema: public; Owner: Timur
--

ALTER TABLE ONLY public.auth_user_groups
    ADD CONSTRAINT auth_user_groups_user_id_6a12ed8b_fk_auth_user_id FOREIGN KEY (user_id) REFERENCES public.auth_user(id) DEFERRABLE INITIALLY DEFERRED;


--
-- TOC entry 4805 (class 2606 OID 16650)
-- Name: auth_user_user_permissions auth_user_user_permi_permission_id_1fbb5f2c_fk_auth_perm; Type: FK CONSTRAINT; Schema: public; Owner: Timur
--

ALTER TABLE ONLY public.auth_user_user_permissions
    ADD CONSTRAINT auth_user_user_permi_permission_id_1fbb5f2c_fk_auth_perm FOREIGN KEY (permission_id) REFERENCES public.auth_permission(id) DEFERRABLE INITIALLY DEFERRED;


--
-- TOC entry 4806 (class 2606 OID 16645)
-- Name: auth_user_user_permissions auth_user_user_permissions_user_id_a95ead1b_fk_auth_user_id; Type: FK CONSTRAINT; Schema: public; Owner: Timur
--

ALTER TABLE ONLY public.auth_user_user_permissions
    ADD CONSTRAINT auth_user_user_permissions_user_id_a95ead1b_fk_auth_user_id FOREIGN KEY (user_id) REFERENCES public.auth_user(id) DEFERRABLE INITIALLY DEFERRED;


--
-- TOC entry 4807 (class 2606 OID 16666)
-- Name: django_admin_log django_admin_log_content_type_id_c4bce8eb_fk_django_co; Type: FK CONSTRAINT; Schema: public; Owner: Timur
--

ALTER TABLE ONLY public.django_admin_log
    ADD CONSTRAINT django_admin_log_content_type_id_c4bce8eb_fk_django_co FOREIGN KEY (content_type_id) REFERENCES public.django_content_type(id) DEFERRABLE INITIALLY DEFERRED;


--
-- TOC entry 4808 (class 2606 OID 16671)
-- Name: django_admin_log django_admin_log_user_id_c564eba6_fk_auth_user_id; Type: FK CONSTRAINT; Schema: public; Owner: Timur
--

ALTER TABLE ONLY public.django_admin_log
    ADD CONSTRAINT django_admin_log_user_id_c564eba6_fk_auth_user_id FOREIGN KEY (user_id) REFERENCES public.auth_user(id) DEFERRABLE INITIALLY DEFERRED;


--
-- TOC entry 4811 (class 2606 OID 24599)
-- Name: credit_book credit_book_auth_user_id_fk; Type: FK CONSTRAINT; Schema: work_schema; Owner: Timur
--

ALTER TABLE ONLY work_schema.credit_book
    ADD CONSTRAINT credit_book_auth_user_id_fk FOREIGN KEY (user_id) REFERENCES public.auth_user(id);


--
-- TOC entry 4809 (class 2606 OID 24604)
-- Name: subject subject_auth_user_id_fk; Type: FK CONSTRAINT; Schema: work_schema; Owner: Timur
--

ALTER TABLE ONLY work_schema.subject
    ADD CONSTRAINT subject_auth_user_id_fk FOREIGN KEY (user_id) REFERENCES public.auth_user(id);


--
-- TOC entry 4810 (class 2606 OID 24614)
-- Name: subject subject_subject_name_subject_name_id_fk; Type: FK CONSTRAINT; Schema: work_schema; Owner: Timur
--

ALTER TABLE ONLY work_schema.subject
    ADD CONSTRAINT subject_subject_name_subject_name_id_fk FOREIGN KEY (subject_name_id) REFERENCES work_schema.subject_name(subject_name_id);


-- Completed on 2023-12-20 11:28:48

--
-- PostgreSQL database dump complete
--

--
-- Database "postgres" dump
--

\connect postgres

--
-- PostgreSQL database dump
--

-- Dumped from database version 16.0
-- Dumped by pg_dump version 16.0

-- Started on 2023-12-20 11:28:48

SET statement_timeout = 0;
SET lock_timeout = 0;
SET idle_in_transaction_session_timeout = 0;
SET client_encoding = 'UTF8';
SET standard_conforming_strings = on;
SELECT pg_catalog.set_config('search_path', '', false);
SET check_function_bodies = false;
SET xmloption = content;
SET client_min_messages = warning;
SET row_security = off;

--
-- TOC entry 2 (class 3079 OID 16384)
-- Name: adminpack; Type: EXTENSION; Schema: -; Owner: -
--

CREATE EXTENSION IF NOT EXISTS adminpack WITH SCHEMA pg_catalog;


--
-- TOC entry 4837 (class 0 OID 0)
-- Dependencies: 2
-- Name: EXTENSION adminpack; Type: COMMENT; Schema: -; Owner: 
--

COMMENT ON EXTENSION adminpack IS 'administrative functions for PostgreSQL';


SET default_tablespace = '';

SET default_table_access_method = heap;

--
-- TOC entry 216 (class 1259 OID 32786)
-- Name: t; Type: TABLE; Schema: public; Owner: postgres
--

CREATE TABLE public.t (
    n integer
);


ALTER TABLE public.t OWNER TO postgres;

--
-- TOC entry 4831 (class 0 OID 32786)
-- Dependencies: 216
-- Data for Name: t; Type: TABLE DATA; Schema: public; Owner: postgres
--



-- Completed on 2023-12-20 11:28:48

--
-- PostgreSQL database dump complete
--

-- Completed on 2023-12-20 11:28:48

--
-- PostgreSQL database cluster dump complete
--

